,title,time,src,category,content,weburl
0,英女王选择无限期留在温莎城堡 到秋天才会恢复行程,2020-05-12 17:38:34,看看新闻KNEWS,video,"<p class=""art_t""><video src='https://interface.sina.cn/wap_api/video_location.d.html?cid=37766&table_id=36885&did=ircuyvi2718139&vt=4&creator_id=1001,9764&vid=33564745102&video_id=335647451&r=video.sina.cn%2Fnews%2F2020-05-12%2Fdetail-iircuyvi2718139.d.html&wm=' controls=""true""></video></p>",https://video.sina.com.cn/p/news/2020-05-12/detail-iircuyvi2718139.d.html
1,73岁的施瓦辛格宝刀未老在家中做一字马？网友：差点就信了,2020-05-12 18:37:31,环球网,video,"<p class=""art_t""><video src='https://interface.sina.cn/wap_api/video_location.d.html?cid=37766&table_id=36885&did=irczymk1258973&vt=4&creator_id=9805,9888&vid=33564982702&video_id=335649827&r=video.sina.cn%2Fnews%2F2020-05-12%2Fdetail-iirczymk1258973.d.html&wm=' controls=""true""></video></p>",https://video.sina.com.cn/p/news/2020-05-12/detail-iirczymk1258973.d.html
2,乐视网：贾跃亭个人破产重组不影响与公司债务,2020-05-12 15:10:00,中国新闻网,news,"<p class=""art_p"">原标题：乐视网：贾跃亭个人破产重组不影响与公司债务</p>
<p class=""art_p"">12日，乐视网举行2019年度业绩网上说明会。乐视网董事长、总经理、董事会秘书刘延峰介绍，目前，贾跃亭实际控制的企业对上市公司合并范围的欠款余额达到约19亿元。截至2020年5月8日，贾跃亭持有公司92047.0732万股，占公司总股本的23.07%，虽然全部股份被冻结，大部分股份被质押，但其目前仍是公司的实际控制人。因此，即使贾跃亭此次个人申请破产成功，其实际控制的企业与公司的债务依然存在，公司将继续坚持并依法向其追偿。（左宇坤）</p>

									<figure class=""art_img_mini j_p_gallery"">
										<img class=""art_img_mini_img j_fullppt_cover""  src='https://n.sinaimg.cn/front20200512ac/34/w500h334/20200512/5d8e-itmiwrz3431577.jpg' alt="""" />
										<h2 class=""art_img_tit""></h2>
									</figure>
								

									<figure class=""art_img_mini j_p_gallery"">
										<img class=""art_img_mini_img j_fullppt_cover""  src='https://n.sinaimg.cn/news/transform/286/w537h549/20200512/967d-itmiwrz3580457.png' alt="""" />
										<h2 class=""art_img_tit""></h2>
									</figure>",https://news.sina.com.cn/s/2020-05-12/doc-iirczymk1217438.shtml
3,美国一工厂被曝拒绝特朗普到访：健康风险太大，疫情后再说,2020-05-12 15:55:54,海外网,news,"<p class=""art_p"">原标题：美国一工厂被曝拒绝特朗普到访：健康风险太大，疫情后再说</p>

									<figure class=""art_img_mini j_p_gallery"">
										<img class=""art_img_mini_img j_fullppt_cover""  src='https://n.sinaimg.cn/spider2020512/204/w582h422/20200512/673e-itmiwrz3824394.jpg' alt=""图源：美联社"" />
										<h2 class=""art_img_tit"">图源：美联社</h2>
									</figure>
								
<p class=""art_p"" cms-style=""font-L"">[海外网5月12日|战疫全时区]受到新冠肺炎疫情威胁的白宫近日引发不少关注，尽管白宫升级了防疫措施，但其举措仍被指漏洞百出，像是美国总统特朗普在公开场合就仍没有佩戴口罩。有美媒11日曝出，一家制造防护设备材料的工厂日前曾拒绝特朗普访问，原因是担心美国总统的到来会威胁到工人的健康并影响到工厂的工作。</p>
<p class=""art_p"" cms-style=""font-L"">据美国《华盛顿邮报》11日报道，5月9日，白宫曾计划安排特朗普访问宾夕法尼亚州马库斯胡克的布拉斯科（Braskem）工厂。这家工厂生产一种特殊的织物，用于制作防护口罩、手套和其他装备。据悉，工厂里的工人已经在厂里待了28天，以确保他们没有感染新冠病毒，他们的生产没有受到污染或受到疫情的影响。</p>
<p class=""art_p"" cms-style=""font-L"">据两位知情人士透露，该工厂的管理人员最初对接待总统的想法感到兴奋，但也有所保留。工厂高管告诉白宫先遣小组，他们对工人们是否能参加这次活动感到怀疑。因为这对他们来说“风险太大”，而且与其进行的自我隔离努力背道而驰。</p>
<p class=""art_p"" cms-style=""font-L"">知情人士还提到，白宫方面随后建议几位公司高管和特朗普一起出席此次活动，但工厂方面称，他们对带着总统和他的随从（包括数名特勤局特工）进入工厂“不太舒服”，部分原因是很难保持社交距离。白宫方面随后提议，可以在毗邻的露天停车场举行类似活动。但最终，该公司建议在疫情结束后再重新安排行程，称美国总统在此时来访“风险太大”。布拉斯科首席执行官在一份声明中对此表示，“经过多次讨论，（布拉斯科和白宫）双方同意，考虑到石化作业的性质、我们团队成员和访客的安全，到访是不可行的。”</p>
<p class=""art_p"" cms-style=""font-L"">《华盛顿邮报》指出，美国疾病控制与预防中心在4月初就已敦促美国人开始在公共场合戴上口罩，但特朗普明确表示，他不打算遵循这一建议。5月5日，特朗普参观亚利桑那州霍尼韦尔一家生产N95口罩的工厂时，也没有戴口罩。美国《国会山报》11日指出，根据白宫工作人员一份备忘录显示，白宫西翼的工作人员被要求佩戴口罩、保持社交距离，而美国总统特朗普是11日白宫记者会上唯一未戴口罩的人。（海外网 张霓）</p>",https://news.sina.com.cn/w/2020-05-12/doc-iircuyvi2708523.shtml
4,4月居民存款减少8000亿 都去了哪里？,2020-05-12 16:16:20,新浪新闻综合,news,"<p class=""art_p"">原标题：4月居民存款减少8000亿，都去了哪里？</p>
<p class=""art_p"">来源：每日经济新闻</p>
<p class=""art_p"" cms-style=""font-L"">5月11日，人民银行公布2020年4月金融统计数据、社会融资规模存量及增量数据。</p>
<p class=""art_p"" cms-style=""font-L"">数据显示，4月末，M1、M2增速双双保持上升趋势。其中，广义货币（M2）余额209.35万亿元，同比增长11.1%；狭义货币（M1）余额57.02万亿元，同比增长5.5%。</p>
<p class=""art_p"" cms-style=""font-L"">4月末人民币存款余额202.26万亿元，同比增长9.9%，增速分别比上月末和上年同期高0.6个和1.4个百分点。</p>

									<figure class=""art_img_mini j_p_gallery"">
										<img class=""art_img_mini_img j_fullppt_cover""  src='https://n.sinaimg.cn/news/crawl/116/w550h366/20200512/1d12-itmiwrz3971625.jpg' alt="" 图片来源：摄图网"" />
										<h2 class=""art_img_tit""> 图片来源：摄图网</h2>
									</figure>
								
<p class=""art_p"" cms-style=""font-L"">不过，分结构看，住户存款减少7996亿元，非金融企业存款增加1.17万亿元，财政性存款增加529亿元，非银行业金融机构存款增加8571亿元。</p>
<p class=""art_p"" cms-style=""font-L"">也就是说，传说中的“报复性”存款并没有出现，居民部门不仅存款大减近8000亿元，消费贷新增也同比翻倍。</p>

									<figure class=""art_img_mini j_p_gallery"">
										<img class=""art_img_mini_img j_fullppt_cover""  src='https://n.sinaimg.cn/news/crawl/764/w550h214/20200512/8fb2-itmiwrz3971671.png' alt="""" />
										<h2 class=""art_img_tit""></h2>
									</figure>
								
<p class=""art_p"" cms-style=""font-L"">那么，居民存款去哪儿了呢？</p>
<p class=""art_p"" cms-style=""font-L"">交行金融研究中心高级研究员陈冀指出，住户存款大降7996亿元，与非银行业金融机构存款增加8571亿元是股市上行阶段的存款迁移现象（即居民存款转移到了股市）。非金融企业存款增加1.17万亿元则由大量企业获信贷资金后转化而来。</p>
<p class=""art_p"" cms-style=""font-L"">值得注意的是，过去10年间每年4月居民存款都同比下降，这也似乎成为一个“规律”。</p>
<p class=""art_p"" cms-style=""font-L""><strong>M2同比增长为11.1%，增速创近三年新高</strong></p>
<p class=""art_p"" cms-style=""font-L"">具体来看，4月末，M2余额209.35万亿元，同比增长11.1%，增速分别比上月末和上年同期高1个和2.6个百分点；M1余额57.02万亿元，同比增长5.5%，增速分别比上月末和上年同期高0.5个和2.6个百分点；流通中货币（M0）余额8.15万亿元，同比增长10.2%。当月净回笼现金1537亿元。</p>
<p class=""art_p"" cms-style=""font-L"">每日经济新闻（微信号：nbdnews）记者注意到，M2增速创了2017年1月以来的最高纪录；M1增速创了2018年7月以来的最高纪录。</p>

									<figure class=""art_img_mini j_p_gallery"">
										<img class=""art_img_mini_img j_fullppt_cover""  src='https://n.sinaimg.cn/news/crawl/764/w550h214/20200512/ef00-itmiwrz3971737.png' alt="""" />
										<h2 class=""art_img_tit""></h2>
									</figure>
								

									<figure class=""art_img_mini j_p_gallery"">
										<img class=""art_img_mini_img j_fullppt_cover""  src='https://n.sinaimg.cn/news/crawl/764/w550h214/20200512/26d1-itmiwrz3971770.png' alt="""" />
										<h2 class=""art_img_tit""></h2>
									</figure>
								
<p class=""art_p"" cms-style=""font-L"">民生银行首席研究员温彬表示，针对新冠肺炎疫情对我国经济社会发展带来的前所未有的冲击，央行全面加强货币政策逆周期调节，持续投放基础货币，降准释放中长期资金，把握公开市场操作节奏和力度，推动广义货币M2和狭义货币M1同步增长。</p>
<p class=""art_p"" cms-style=""font-L"">他进一步补充道：“另外，本月货币乘数6.55继续维持在历史高位附近；财政存款受减税降费影响，本月新增529亿元，同比少增4818亿元；外汇占款21.2万亿元，分别比上月和上年同期少增170亿元和457亿元，财政、外汇等扰动因素降低，以及货币乘数对基础货币的派生效用持续增强共同助力了M2增加。”</p>
<p class=""art_p"" cms-style=""font-L"">交通银行金融研究中心高级研究员陈冀认为，M2增速反弹，一方面表明前期货币政策的偏松调节正在发挥作用，货币政策支持实体经济从疫情冲击中尽快恢复的效果开始显现；另一方面金融数据往往领先于实体经济数据，M2增速的率先反弹也表明中国经济在经历了一季度的快速探底之后，具备从二季度开始持续反弹的坚实基础。</p>
<p class=""art_p"" cms-style=""font-L"">此外，4月末社会融资规模存量为265.22万亿元，同比增长12%；4月社会融资规模增量为3.09万亿元，比上年同期多1.42万亿元。</p>
<p class=""art_p"" cms-style=""font-L"">其中，对实体经济发放的人民币贷款增加1.62万亿元，同比多增7506亿元；对实体经济发放的外币贷款折合人民币增加910亿元，同比多增1240亿元；委托贷款减少579亿元，同比少减618亿元；信托贷款增加23亿元，同比少增106亿元；未贴现的银行承兑汇票增加577亿元，同比多增934亿元；企业债券净融资9015亿元，同比多5066亿元；政府债券净融资3357亿元，同比少1076亿元；非金融企业境内股票融资315亿元，同比多53亿元。</p>
<p class=""art_p"" cms-style=""font-L"">陈冀分析，在宏观财政和货币政策的引导和刺激下，实体经济的融资需求在4月持续恢复。4月社融总量3.09万亿，高于近两年同期。社融增速的反弹，一定程度代表了实体部门信用扩张的意愿。从目前数据反映的情况而言，国内经济恢复情况虽未100%走向正轨，但趋势是积极乐观的，宏观政策的落地效果也很显著。</p>
<div sax-type=""proxy"" class=""j_native_uvw200512 box"" style=""margin:20px 0""></div><p class=""art_p""><strong>4月末存款余额202.26万亿，同比增长9.9%</strong></p>
<p class=""art_p"" cms-style=""font-L"">值得一提的是，4月末，本外币存款余额207.59万亿元，同比增长9.7%。月末人民币存款余额202.26万亿元，同比增长9.9%，增速分别比上月末和上年同期高0.6个和1.4个百分点。</p>
<p class=""art_p"" cms-style=""font-L"">数据显示，4月份人民币存款增加1.27万亿元，同比多增1.01万亿元。其中，住户存款减少7996亿元，非金融企业存款增加1.17万亿元，财政性存款增加529亿元，非银行业金融机构存款增加8571亿元。4月末，外币存款余额7545亿美元，同比下降1.7%。当月外币存款减少110亿美元，同比多减93亿美元。</p>

									<figure class=""art_img_mini j_p_gallery"">
										<img class=""art_img_mini_img j_fullppt_cover""  src='https://n.sinaimg.cn/news/crawl/76/w550h326/20200512/4936-itmiwrz3971828.jpg' alt="" 图片来源：摄图网"" />
										<h2 class=""art_img_tit""> 图片来源：摄图网</h2>
									</figure>
								
<p class=""art_p"" cms-style=""font-L"">在陈冀看来，4月末，存款的整体变化特征已由M2增速所体现。而结构上，住户存款大幅减少7996亿，与非银行业金融机构存款增加8571亿是股市上行阶段的存款迁移现象。非金融企业存款增加1.17万亿则由大量企业获得信贷资金后转化而来。</p>
<p class=""art_p"" cms-style=""font-L"">与此相对应的贷款方面，4月末，本外币贷款余额167.79万亿元，同比增长12.9%。月末人民币贷款余额161.91万亿元，同比增长13.1%，增速比上月末高0.4个百分点，比上年同期低0.4个百分点。</p>
<p class=""art_p"" cms-style=""font-L"">4月份人民币贷款增加1.7万亿元，同比多增6818亿元。分部门看，住户部门贷款增加6669亿元，其中，短期贷款增加2280亿元，中长期贷款增加4389亿元；企（事）业单位贷款增加9563亿元，其中，短期贷款减少62亿元，中长期贷款增加5547亿元，票据融资增加3910亿元；非银行业金融机构贷款增加404亿元。</p>
<p class=""art_p"" cms-style=""font-L"">“贷款需求回升，反映经济活动开始改善。”温彬表示，4月央行持续引导金融机构下调LPR推动企业融资成本降低，提高金融机构加大信贷支持实体经济的针对性和有效性。金融机构应贷尽贷、应贷快贷，持续增加抗疫企业、中小微企业，制造业、基础设施和服务领域中长期贷款，促进了企业贷款和居民贷款温和修复。</p>
<p class=""art_p"" cms-style=""font-L"">记者|边万莉&nbsp;</p>",https://news.sina.com.cn/c/2020-05-12/doc-iirczymk1245573.shtml
5,终于回家了！12名中国籍船员海上漂泊100多天,2020-05-12 20:20:35,荔枝网,video,"<p class=""art_t""><video src='https://interface.sina.cn/wap_api/video_location.d.html?cid=37766&table_id=36885&did=ircuyvi2743109&vt=4&creator_id=9805,9888&vid=33565868901&video_id=335658689&r=video.sina.cn%2Fnews%2F2020-05-12%2Fdetail-iircuyvi2743109.d.html&wm=' controls=""true""></video></p>",https://video.sina.com.cn/p/news/2020-05-12/detail-iircuyvi2743109.d.html
6,阿富汗一妇科医院发生恐怖袭击 已造成2名新生儿在内13人死亡,2020-05-12 20:13:41,封面新闻,video,"<p class=""art_t""><video src='https://interface.sina.cn/wap_api/video_location.d.html?cid=37766&table_id=36885&did=irczymk1271267&vt=4&creator_id=9805&vid=33566262602&video_id=335662626&r=video.sina.cn%2Fnews%2F2020-05-12%2Fdetail-iirczymk1271267.d.html&wm=' controls=""true""></video></p>",https://video.sina.com.cn/p/news/2020-05-12/detail-iirczymk1271267.d.html
7,泰森疑宣布复出 他的对手会是霍利菲尔德吗？,2020-05-12 18:53:19,澎湃新闻,video,"<p class=""art_t""><video src='https://interface.sina.cn/wap_api/video_location.d.html?cid=37766&table_id=36885&did=ircuyvi2731589&vt=4&creator_id=1001,9764&vid=33565604303&video_id=335656043&r=video.sina.cn%2Fnews%2F2020-05-12%2Fdetail-iircuyvi2731589.d.html&wm=' controls=""true""></video></p>",https://video.sina.com.cn/p/news/2020-05-12/detail-iircuyvi2731589.d.html
8,七旬儿子为百岁母亲做长寿饮食：吃鱼吃香蕉 把最好部分留给她,2020-05-12 19:34:37,新浪新闻,video,"<p class=""art_t""><video src='https://interface.sina.cn/wap_api/video_location.d.html?cid=37766&table_id=36885&did=ircuyvi2737368&vt=4&creator_id=1001,9764&vid=33565999102&video_id=335659991&r=video.sina.cn%2Fnews%2F2020-05-12%2Fdetail-iircuyvi2737368.d.html&wm=' controls=""true""></video></p>",https://video.sina.com.cn/p/news/2020-05-12/detail-iircuyvi2737368.d.html
9,接受现实 白宫开始强制戴口罩,2020-05-12 18:20:49,新华国际,video,"<p class=""art_t""><video src='https://interface.sina.cn/wap_api/video_location.d.html?cid=37766&table_id=36885&did=irczymk1255510&vt=4&creator_id=1001,9764&vid=33565138202&video_id=335651382&r=video.sina.cn%2Fnews%2F2020-05-12%2Fdetail-iirczymk1255510.d.html&wm=' controls=""true""></video></p>",https://video.sina.com.cn/p/news/2020-05-12/detail-iirczymk1255510.d.html
10,施工中的路灯杆突发倒下砸中过路孕妇：疑刚从医院出来,2020-05-12 18:39:29,封面新闻,video,"<p class=""art_t""><video src='https://interface.sina.cn/wap_api/video_location.d.html?cid=37766&table_id=36885&did=ircuyvi2730082&vt=4&creator_id=1001,9764&vid=33565402201&video_id=335654022&r=video.sina.cn%2Fnews%2F2020-05-12%2Fdetail-iircuyvi2730082.d.html&wm=' controls=""true""></video></p>",https://video.sina.com.cn/p/news/2020-05-12/detail-iircuyvi2730082.d.html
11,重庆宜昌等地出现日晕 持续半个多小时,2020-05-12 19:20:05,新浪新闻,video,"<p class=""art_t""><video src='https://interface.sina.cn/wap_api/video_location.d.html?cid=37766&table_id=36885&did=irczymk1264540&vt=4&creator_id=1001,9764&vid=33565864403&video_id=335658644&r=video.sina.cn%2Fnews%2F2020-05-12%2Fdetail-iirczymk1264540.d.html&wm=' controls=""true""></video></p>",https://video.sina.com.cn/p/news/2020-05-12/detail-iirczymk1264540.d.html
12,汶川地震亲历女孩12年后支援武汉：把我当年收到的爱传递下去！,2020-05-12 19:35:14,新浪新闻,video,"<p class=""art_t""><video src='https://interface.sina.cn/wap_api/video_location.d.html?cid=37766&table_id=36885&did=ircuyvi2737486&vt=4&creator_id=1001,9764&vid=33566002602&video_id=335660026&r=video.sina.cn%2Fnews%2F2020-05-12%2Fdetail-iircuyvi2737486.d.html&wm=' controls=""true""></video></p>",https://video.sina.com.cn/p/news/2020-05-12/detail-iircuyvi2737486.d.html
13,美国“抗疫三巨头”将视频出席参院疫情听证会，福奇再发警告,2020-05-12 13:24:00,澎湃新闻,news,"<p class=""art_p"">原标题：美国“抗疫三巨头”将视频出席参院疫情听证会，福奇再发警告</p>

									<figure class=""art_img_mini j_p_gallery"">
										<img class=""art_img_mini_img j_fullppt_cover""  src='https://n.sinaimg.cn/sinakd2020512s/182/w600h382/20200512/d216-itmiwrz3018113.jpg' alt=""福奇"" />
										<h2 class=""art_img_tit"">福奇</h2>
									</figure>
								
<p class=""art_p"" cms-style=""font-L"">当地时间5月12日，美国政府首席传染病专家福奇将远程出席参议院有关新冠肺炎疫情的听证会。美媒称，福奇在会上将就重新开放的风险发出严厉警告。</p>
<p class=""art_p"" cms-style=""font-L"">据《纽约时报》5月11日消息，该机构收到了一封来自福奇的邮件。福奇在信中表示，他在参议院作证时将警告，过快重新开放会造成“不必要的痛苦和死亡”。</p>
<p class=""art_p"" cms-style=""font-L"">“我明天希望传达的主要信息是，试图过早开放美国十分危险，”福奇写道，“如果（各州）不遵循白宫的指导方针直接跳到‘再次开放美国’，那么我们将面临疫情在全国范围内多次暴发的危险。这不仅会导致不必要的痛苦和死亡，实际上也会让我们在重回正常生活的努力中倒退。”</p>
<p class=""art_p"" cms-style=""font-L"">美国参议院健康、教育、劳工、养老金委员会将于5月12日召开关于政府疫情应对的听证会。该委员会主席拉马尔·亚历山大5月9日证实，目前处于自我隔离状态的福奇、美国疾控中心主任雷德菲尔德以及美国食品和药物管理局局长斯蒂芬·哈恩将通过视频连线的方式出席。</p>",https://news.sina.com.cn/w/2020-05-12/doc-iircuyvi2668626.shtml
14,停工50天马斯克硬复工:逮捕的话抓我 加州官方再放话,2020-05-12 16:03:00,新京报,news,"<p class=""art_p"">原标题：停工50天马斯克硬复工：逮捕的话抓我 加州官方再放话</p>
<p class=""art_p"" cms-style=""font-L align-Justify"">新京报讯（记者 陆一夫）停工将近50天后，特斯拉创始人埃隆·马斯克不顾当地政府的反对，强行要求加州工厂正式复工。5月12日，马斯克在社交媒体上表示，特斯拉将在违反加州阿拉米达县的法令下重启生产，将会与所有员工站在一线。“如果任何人因此被逮捕，我要求只逮捕我。”</p>
<p class=""art_p"" cms-style=""font-L align-Justify"">其后，特斯拉弗里蒙特工厂所处的阿拉米达县表示，特斯拉将在今天提交营运计划，希望特斯拉能在防疫部门没有监管的情况下遵守防疫制度。“我们已通知特斯拉他们只能在弗里蒙特工厂维持最低限度的基本运作，直到我们有一个批准的计划。我们继续推进与特斯拉达成安全计划，重新开放弗里蒙特工厂的最低基本运营。”</p>
<p class=""art_p"" cms-style=""font-L align-Justify"">由于加州疫情严重，特斯拉在美国唯一的汽车工厂弗里蒙特工厂从3月23日开始停工，原本加州的“Shelter-in-place”（就地庇护令）将于5月4日结束，但4月28日，旧金山湾区的6个县联合发布声明，称“就地庇护令”延长至5月底，以避免过早解除限制而导致新冠肺炎病例大幅增加。</p>
<p class=""art_p"" cms-style=""font-L align-Justify"">5月8日，加州政府宣布将允许该州制造商陆续开放，马斯克随即表示弗里蒙特工厂将从9日下午起重启。不过，阿拉米达县继续以防疫为由，拒绝让弗里蒙特工厂复工。</p>
<p class=""art_p"" cms-style=""font-L align-Justify"">为此，特斯拉迅速宣布对阿拉米达县提起诉讼，要求联邦法院撤销地方当局阻止该汽车制造商恢复生产的命令，还希望法院判决该县的政令违反宪法相关条款，马斯克甚至威胁会将特斯拉的总部搬离加州至德州或内华达州，并得到德州伊达尔戈县的支持——该县在社交媒体上表示做好了容纳特斯拉的准备，马斯克随后回复称“非常感谢”。</p>
<p class=""art_p"" cms-style=""font-L align-Justify"">美国加州州长纽森表示，特斯拉加州工厂最快可能在下周开放，他表示自己在数天前曾与马斯克进行过沟通，但政府将就特斯拉重启生产可能违反公共卫生秩序展开调查。</p>
<p class=""art_p"" cms-style=""font-L align-Justify"">在4月30日发布一季报时，马斯克已在电话会议上不止一次对美国实施的居家禁令表达“愤怒”，他认为这不仅对特斯拉，而且对很多供应商造成伤害，“虽然特斯拉将经受住这场风暴，但很多小公司却不会。”马斯克认为，特斯拉的很多供应商正经历着异常困难的时期，尤其是小供应商。</p>
<p class=""art_p"" cms-style=""font-L align-Justify"">由于零部件缺失，特斯拉的上海超级工厂也出现短时间的停摆，五一假期结束后该工厂未有正常如期复工，特斯拉中国表示该工厂在正常的生产安排调整中，正在通过此次假期时间对生产线进行调试与维护，各环节工作都在按计划进行。</p>
<p class=""art_p"" cms-style=""font-L align-Justify"">因加州工厂长时间复工，华尔街分析师预计，特斯拉第二季度将交付约7.5万辆汽车，交付量将出现同比和环比下降。</p>",https://news.sina.com.cn/c/2020-05-12/doc-iirczymk1228071.shtml
15,习近平山西行丨走进“手撕钢”生产车间,2020-05-12 15:43:00,央视,news,"<p class=""art_p"">原标题：习近平山西行丨走进“手撕钢”生产车间</p>
<p class=""art_p"">12日下午，正在山西考察调研的习近平来到太钢不锈钢精密带钢有限公司。该公司成立于2008年8月，位于山西转型综合改革示范区。其主要产品是厚度0.02毫米至0.5毫米、宽度3毫米至650毫米的高强度不锈钢精密带钢，年产量2万吨。</p>
<p class=""art_p"">其中，宽幅精密带钢箔材（厚度0.02毫米，宽640毫米）在2018年研制成功，成为世界首创。因其厚度不到头发直径的1/3、比A4纸还要薄、可以用手轻易撕开，被形象地称为“手撕钢”。</p>

									<figure class=""art_img_mini j_p_gallery"">
										<img class=""art_img_mini_img j_fullppt_cover""  src='https://n.sinaimg.cn/spider2020512/581/w886h495/20200512/7500-itmiwrz3558453.png' alt=""△宽幅精密带钢箔材，被形象地称为“手撕钢”。"" />
										<h2 class=""art_img_tit"">△宽幅精密带钢箔材，被形象地称为“手撕钢”。</h2>
									</figure>
								
<div sax-type=""proxy"" class=""j_native_tuv200512 box"" style=""margin:20px 0""></div><p class=""art_p"">此前，同类产品只有少数国家可以生产，且宽度不足400毫米。“手撕钢”具有极高产品附加值，被广泛应用于折叠屏手机，柔性显示屏、储能电池等项目。</p>

									<figure class=""art_img_mini j_p_gallery"">
										<img class=""art_img_mini_img j_fullppt_cover""  src='https://n.sinaimg.cn/spider2020512/636/w838h598/20200512/8c40-itmiwrz3558448.jpg' alt=""△“手撕钢”具有高产品附加值，一片A4纸大小的钢材，市场价格高达400元左右。"" />
										<h2 class=""art_img_tit"">△“手撕钢”具有高产品附加值，一片A4纸大小的钢材，市场价格高达400元左右。</h2>
									</figure>
								
<p class=""art_p"">（总台央视记者 申勇 史伟 彭汉明 王鹏飞）</p><p style=""text-align:right;"" class=""article-editor"">责任编辑：刘德宾 SN222</p>",https://news.sina.com.cn/c/xl/2020-05-12/doc-iirczymk1241769.shtml
16,澳媒：世锦赛拒绝与孙杨同台 FINA或取消霍顿奖牌,2020-05-12 10:11:33,新浪体育综合,sports,"<p class=""art_p"" cms-style=""font-L"">孙杨与霍顿的故事，又有了更新，这次还是澳大利亚媒体充当了爆料者与讲述者。</p>
<p class=""art_p"" cms-style=""font-L"">据澳洲每日电讯报报道，因为一年前发生在世锦赛领奖台上的抗议，部分国际泳联的管理高层，正在认真考虑取消霍顿的世锦赛奖牌。</p>

									<figure class=""art_img_mini j_p_gallery"">
										<img class=""art_img_mini_img j_fullppt_cover""  src='https://n.sinaimg.cn/sports/crawl/487/w550h737/20200512/2932-itmiwrz2100477.jpg' alt="""" />
										<h2 class=""art_img_tit""></h2>
									</figure>
								
<p class=""art_p"" cms-style=""font-L"">据知情人士透露，管理层中的强硬派坚信需要采取最严厉的措施，来防止可能产生的其他示威活动。</p>
<p class=""art_p"" cms-style=""font-L"">不过在国际泳联内部也存在争议，部分官员认为处罚霍顿，会加深和运动员的隔阂，尤其是在大部分澳大利亚运动员都加入到ISL（国际游泳联盟）的情况下。</p>
<p class=""art_p"" cms-style=""font-L"">因为对孙杨18年药检风波的质疑，19年世锦赛上，霍顿和英国选手斯科特都拒绝和孙杨同登领奖台。三人都因为颁奖台上做出的不当行为，被国际泳联处于警告。当时国际泳联还紧急授予了颁奖官员剥夺抗议运动员奖牌的权力。</p>
<p class=""art_p"" cms-style=""font-L"">澳大利亚奥委会也在同年9月，提前打预防针，禁止运动员台上抗议。</p>
<p class=""art_p"" cms-style=""font-L"">在孙杨被禁赛后，不少外国运动员都发声，认为应该取消他过往的金牌。包括南非运动员勒克洛斯，最近接受采访就表示应该取消孙杨的里约奥运会金牌。</p>
<p class=""art_p"" cms-style=""font-L"">但孙杨参加游泳世锦赛，是基于国际泳联当年3月做出的无罪判罚。在新的裁决结果没有出炉前，孙杨参加世锦赛，获得的成绩没有任何违法之处。</p>
<p class=""art_p"" cms-style=""font-L"">这样的报道一出，自然会引起部分读者的大跌眼镜。</p>
<p class=""art_p"" cms-style=""font-L"">毕竟在这出从16年开始的连续剧中，两位主角孙杨和霍顿。孙杨已被处于8年禁赛，虽然上诉到瑞士联邦法庭，成功的可能性极低。</p>

									<figure class=""art_img_mini j_p_gallery"">
										<img class=""art_img_mini_img j_fullppt_cover""  src='https://n.sinaimg.cn/sports/crawl/58/w550h308/20200512/39b3-itmiwrz2100558.jpg' alt="""" />
										<h2 class=""art_img_tit""></h2>
									</figure>
								
<p class=""art_p"" cms-style=""font-L"">而霍顿，因为前段时间被澳洲媒体报道，住处及家人遭到“孙杨支持者”的“骚扰”，获得了大量同情，甚至在部分人眼中成了“反抗英雄”。现在国际泳联想要取消霍顿的奖牌，就像当头一棒。如果任何人都为了“反对”而“反对”，随意在颁奖台抗议，体育赛事的权威性和神圣性只会受到侵犯。</p>
<p class=""art_p"" cms-style=""font-L"">在这场无休无止的闹剧中，没有人能够宣称自己完全无辜，从各方展现出的管理混乱、随意性，再到对赛场风纪的藐视，某些固有偏见，大众意见的摇摆不定，部分人见风使舵，试图玩弄舆论。整个事件，没有“一言堂”，没有谁能完全掩盖真相。</p>
<p class=""art_p"" cms-style=""font-L"">另外，在队友做出拒绝登领奖台的举动后，运动员谢娜·胡克赛前被检测出兴奋剂阳性，让她和整个澳大利亚游泳队陷入风暴中。在被做出禁赛4年的处罚后，她已正式向国际体育仲裁法庭提出上诉，听证会将于近期举行。</p>
<p class=""art_p"" cms-style=""font-L"">（游泳大汇）</p>",https://sports.sina.com.cn/others/swim/2020-05-12/doc-iirczymk1155582.shtml
17,致敬护士 习近平点赞新时代最可爱的人,2020-05-12 15:02:00,央视,news,"<p class=""art_p"">原标题：致敬护士队伍，习近平点赞新时代最可爱的人</p>
<!--单视频_s-->
						  
							  <figure class=""art_video"" data-dataid=""comos:irczymk1225876"" data-ratio="".56"" data-infos='{""attrs"":{""data-tid"":""38790"",""data-did"":""irczymk1216468"",""data-cid"":""56261"",""data-sid"":""1"",""data-vid"":""33563573602"",""data-adtags"":""335635736|0|0|0|9805,0|0|9805|0|0|0"",""data-vLength"":""248341"",""data-advid"":""33563573602"",""poster"":""\/\/n.sinaimg.cn\/front20200512ac\/400\/w1280h720\/20200512\/446a-itmiwrz3828356.jpg"",""controls"":""controls"",""tabindex"":""0"",""preload"":""auto"",""data-lov"":""vod"",""data-vpid"":""335635736"",""data-fcid"":""33563573602"",""data-livesource"":""vms"",""data-liveEditChannel"":"""",""data-vot"":"""",""data-lt"":"""",""data-vd"":""248341""},""baseUrl"":""https:\/\/interface.sina.cn\/wap_api\/video_location.d.html?cid=56261&table_id=38790&did=irczymk1216468&vt=4&creator_id=1001_12_0_0&vid=33563573602&video_id=335635736&r=news.sina.cn%2Fgn%2F2020-05-12%2Fdetail-iirczymk1216468.d.html""}'>
								  <img  src='https://n.sinaimg.cn/front20200512ac/400/w1280h720/20200512/446a-itmiwrz3828356.jpg' alt="""" class=""img_width""/>
								  <em class=""art_video_btn cm_c_c j_video_play_btn""><span class=""icon_b_video""></span></em>
							  </figure>
							  <h2 class=""cm_tit art_video_tit_solo"">微视频丨白衣之下</h2>
						  
						  <!--单视频_e-->

									<figure class=""art_img_mini j_p_gallery"">
										<img class=""art_img_mini_img j_fullppt_cover""  src='https://n.sinaimg.cn/spider2020512/88/w1080h608/20200512/182a-itmiwrz3408252.jpg' alt="""" />
										<h2 class=""art_img_tit""></h2>
									</figure>
								
<p class=""art_p"">5月12日，国际护士节。今年国际护士节我国的主题为“致敬护士队伍，携手战胜疫情”。</p>
<p class=""art_p"">在国际护士节到来之际，习近平总书记代表党中央，向全国广大护士致以节日的祝贺和诚挚的慰问！</p>
<p class=""art_p"">习近平指出，新冠肺炎疫情发生后，广大护士义无反顾、逆行出征，白衣执甲、不负重托，英勇无畏冲向国内国外疫情防控斗争第一线，为打赢中国疫情防控阻击战、保障各国人民生命安全和身体健康作出重要贡献，用实际行动践行了敬佑生命、救死扶伤、甘于奉献、大爱无疆的崇高精神。</p>
<p class=""art_p"">习近平强调，护理工作是卫生健康事业的重要组成部分。各级党委和政府要关心爱护广大护士，把加强护士队伍建设作为卫生健康事业发展重要的基础工作来抓，完善激励机制，宣传先进典型，支持优秀护士长期从事护理工作。全社会都要理解和支持护士。希望广大护士秉承优良传统，发扬人道主义精神，再接再厉，真情奉献，为健康中国建设、维护世界公共卫生安全不断作出新的贡献。</p>

									<figure class=""art_img_mini j_p_gallery"">
										<img class=""art_img_mini_img j_fullppt_cover""  src='https://n.sinaimg.cn/spider2020512/581/w800h581/20200512/c788-itmiwrz3408247.jpg' alt=""△3月10日，习近平在火神山医院指挥中心视频连线感染科病房，与病房内患者和医务人员亲切交流。"" />
										<h2 class=""art_img_tit"">△3月10日，习近平在火神山医院指挥中心视频连线感染科病房，与病房内患者和医务人员亲切交流。</h2>
									</figure>
								

									<figure class=""art_img_mini j_p_gallery"">
										<img class=""art_img_mini_img j_fullppt_cover""  src='https://n.sinaimg.cn/spider2020512/418/w1080h138/20200512/8c33-itmiwrz3408380.jpg' alt="""" />
										<h2 class=""art_img_tit""></h2>
									</figure>
								
<p class=""art_p"">今年1月底，面对严峻复杂的疫情防控形势，习近平对军队做好疫情防控工作作出重要指示强调，全军要在党中央和中央军委统一指挥下，牢记人民军队宗旨，闻令而动，勇挑重担，敢打硬仗，积极支援地方疫情防控。</p>
<p class=""art_p"">疫情就是命令！面对前所未有的重大疫情，先后有来自军队和全国各地的340多支医疗队、4.2万多名医务人员奔赴湖北战“疫”前线，这其中有护士2.86万名，占总人数的近70%。他们与湖北50余万名医务工作者并肩奋战、共战疫魔。</p>

									<figure class=""art_img_mini j_p_gallery"">
										<img class=""art_img_mini_img j_fullppt_cover""  src='https://n.sinaimg.cn/spider2020512/126/w556h370/20200512/d991-itmiwrz3408383.jpg' alt=""△4月15日，北京协和医院医疗队撤离武汉，是最后一支撤离武汉的医疗队。"" />
										<h2 class=""art_img_tit"">△4月15日，北京协和医院医疗队撤离武汉，是最后一支撤离武汉的医疗队。</h2>
									</figure>
								
<p class=""art_p"">3月17日开始，全国支援湖北医疗队陆续返回。4月15日，华中科技大学附属同济医院中法新城院区，几度生命垂危、与新冠肺炎缠斗了67天的刘先生康复出院。看着眼前的白衣天使，他无限感动：“谢谢你们，给了我一个春天。”</p>
<p class=""art_p"">那一天，武汉阳光明媚。医院不远处的一家酒店门前，闻讯赶来的武汉市民手持红旗鲜花，送别战斗了80多天的北京协和医院援鄂医疗队。白衣天使为患者托起生命的春天，武汉市民以最高礼仪致敬逆行的英雄。</p>
<p class=""art_p"">经过艰苦卓绝的努力，武汉保卫战、湖北保卫战取得决定性成果，疫情防控阻击战取得重大战略成果，统筹推进疫情防控和经济社会发展工作取得积极成效。这样振奋人心的战果，包含方方面面的共同努力，凝结着广大医护人员的艰苦付出、真情奉献。</p>

									<figure class=""art_img_mini j_p_gallery"">
										<img class=""art_img_mini_img j_fullppt_cover""  src='https://n.sinaimg.cn/spider2020512/600/w1080h1920/20200512/0503-itmiwrz3408481.jpg' alt="""" />
										<h2 class=""art_img_tit""></h2>
									</figure>
								

									<figure class=""art_img_mini j_p_gallery"">
										<img class=""art_img_mini_img j_fullppt_cover""  src='https://n.sinaimg.cn/spider2020512/415/w1080h135/20200512/32c4-itmiwrz3408474.jpg' alt="""" />
										<h2 class=""art_img_tit""></h2>
									</figure>
								
<p class=""art_p"">“沧海横流，方显英雄本色。你们真正做到了救死扶伤、大爱无疆。你们是光明的使者、希望的使者，是最美的天使，是真正的英雄！党和人民感谢你们！”3月10日，习近平总书记在武汉市考察疫情防控工作时，对奋战在一线的医务工作者给予高度评价。</p>
<p class=""art_p"">习近平指出，在湖北和武汉人民遭受疫情打击的关键关头，广大医务工作者坚韧不拔、顽强拼搏、无私奉献，展现了医者仁心的崇高精神，展现了新时代医务工作者的良好形象，感动了中国，感动了世界。</p>

									<figure class=""art_img_mini j_p_gallery"">
										<img class=""art_img_mini_img j_fullppt_cover""  src='https://n.sinaimg.cn/spider2020512/173/w556h417/20200512/1cbc-itmiwrz3408576.jpg' alt=""△1月31日，在武汉金银潭医院重症病区，上海市普陀区中心医院护士王冬麟在护理病人。"" />
										<h2 class=""art_img_tit"">△1月31日，在武汉金银潭医院重症病区，上海市普陀区中心医院护士王冬麟在护理病人。</h2>
									</figure>
								
<p class=""art_p"">上海市普陀区中心医院重症监护室的王冬麟是一名“90后”男护士。作为首批驰援武汉金银潭医院重症病区的护士，他连续工作67天。照料病人打针、吃药，监测危重病人生命体征和仪器使用情况，给不能自理的病人喂饭、擦身……在缺氧状态下王冬麟连续服务患者累计超过250小时。</p>
<div sax-type=""proxy"" class=""j_native_stu200512 box"" style=""margin:20px 0""></div><p class=""art_p"">“三分治疗，七分护理”。一大批护士从细处做起、从点滴入手，用专业化、精细化、科学化的护理方法对新冠肺炎患者开展救治，为打赢疫情防控阻击战，发挥了不可替代的重要作用。</p>

									<figure class=""art_img_mini j_p_gallery"">
										<img class=""art_img_mini_img j_fullppt_cover""  src='https://n.sinaimg.cn/spider2020512/600/w1080h1920/20200512/e877-itmiwrz3408585.jpg' alt="""" />
										<h2 class=""art_img_tit""></h2>
									</figure>
								

									<figure class=""art_img_mini j_p_gallery"">
										<img class=""art_img_mini_img j_fullppt_cover""  src='https://n.sinaimg.cn/spider2020512/417/w1080h137/20200512/023e-itmiwrz3408725.jpg' alt="""" />
										<h2 class=""art_img_tit""></h2>
									</figure>
								
<p class=""art_p"">3月10日，习近平总书记在火神山医院指挥中心考察时强调，一线的医务工作者最辛苦，承受着难以想象的身体和心理压力，许多同志脸上和手上被磨出了血，令人感动，是新时代最可爱的人。</p>
<p class=""art_p"">“有关方面要改善大家工作生活条件，落实好各项防护保障措施，加强轮换和休整，尽最大努力确保一线医务人员健康和安全。”“要关心关爱他们，大力宣传优秀典型和先进事迹，帮助解决实际困难和问题，生活、安全、人文关怀都要保障到位。”疫情发生以来，习近平总书记多次强调要关心关爱广大医务工作者。</p>

									<figure class=""art_img_mini j_p_gallery"">
										<img class=""art_img_mini_img j_fullppt_cover""  src='https://n.sinaimg.cn/spider2020512/58/w1000h658/20200512/f061-itmiwrz3408727.jpg' alt=""△3月10日，在武昌方舱医院，两位青海医疗队队员在等待新冠肺炎治愈患者出舱时小憩。"" />
										<h2 class=""art_img_tit"">△3月10日，在武昌方舱医院，两位青海医疗队队员在等待新冠肺炎治愈患者出舱时小憩。</h2>
									</figure>
								
<p class=""art_p"">为了保障最可爱的人以最佳状态投入战斗，社会各界从食宿、轮休、心理等多方面努力提供细致入微的服务。</p>
<p class=""art_p"">医务人员连续高强度工作，又实时面对危险的病毒，情绪压力较大。保证他们的心理状态平稳健康，从一开始就提上了日程。上海是最早配备随队心理医生的医疗队之一。武汉市第三医院开设了一间“沪鄂心连心”心理咨询室，来访的医务人员不仅可以一对一接受心理咨询，还能用视频方式向在上海的心理专家远程求助。</p>
<p class=""art_p"">为医务人员24小时备餐，按老家口味烧菜，备好秋衣秋裤、羽绒服……湖北人在点点滴滴中将真情和感恩化为行动。</p>
<p class=""art_p"">在许多援助医疗队的驻地，宾馆大堂经常被捐赠物资堆满。“武汉是一个让人温暖的城市。”广东医疗队队员谭杰说出了很多医疗队员的心声。</p>

									<figure class=""art_img_mini j_p_gallery"">
										<img class=""art_img_mini_img j_fullppt_cover""  src='https://n.sinaimg.cn/spider2020512/152/w640h312/20200512/27c2-itmiwrz3408860.jpg' alt=""△3月10日，在武汉武昌方舱医院休舱仪式上，医护人员集体欢呼。"" />
										<h2 class=""art_img_tit"">△3月10日，在武汉武昌方舱医院休舱仪式上，医护人员集体欢呼。</h2>
									</figure>
								
<p class=""art_p"">在以习近平同志为核心的党中央坚强领导下，有关部门陆续出台政策，从提高工资待遇和津贴标准、加强人文关怀、创造更加安全的执业环境等方面呵护一线医务人员身心健康，切实增强广大医务人员的获得感和职业荣誉感。</p>

									<figure class=""art_img_mini j_p_gallery"">
										<img class=""art_img_mini_img j_fullppt_cover""  src='https://n.sinaimg.cn/spider2020512/600/w1080h1920/20200512/be0e-itmiwrz3408870.jpg' alt="""" />
										<h2 class=""art_img_tit""></h2>
									</figure>
								
<p class=""art_p"">用生命抢救生命，用生命践行使命。广大医务工作者在抗击疫情过程中，展现出医者仁心、不惧生死、敢于斗争的伟大精神，用实际行动书写着不平凡的人生。</p>
<p class=""art_p"">监制丨王姗姗 张鸥 闫博</p>
<p class=""art_p"">制片人丨兴来 吴璇 申珅</p>
<p class=""art_p"">编辑丨宁黎黎 陆明明 张亚楠&nbsp;</p>
<p class=""art_p"">视觉丨杨波 王焕琴</p>",https://news.sina.com.cn/c/xl/2020-05-12/doc-iirczymk1216468.shtml
18,美军轰炸机敞开弹仓亮隐形导弹 此前曾飞入南海上空,2020-05-12 13:35:00,环球网,news,"<p class=""art_p"">原标题：美军轰炸机敞开弹仓亮出隐形导弹&nbsp;此前曾飞入南海上空</p>
<p class=""art_p"" cms-style=""font-L"">[环球网报道 记者 徐璐明]美军展示了最新部署到关岛的B-1B战略轰炸机的作战实力，公开了该机打开弹仓的画面，仓内装填有多枚“联合防区外空地导弹”。</p>
<p class=""art_p"" cms-style=""font-L"">据美国The Drive网站5月11日报道，最新曝光的照片显示，重回到关岛执行威慑部署任务的美军轰炸机展示了其配备了AGM-158“联合防区外空地导弹”（JASSM）。这种导弹是世界最先进的空射巡航导弹之一，具有精确打击和隐身突防能力。报道称这种导弹是美军轰炸机部队在冲突的初始阶段首选的武器，五角大楼想要让其盟友和潜在对手都意识到美军轰炸机带来了这款导弹。</p>

									<figure class=""art_img_mini j_p_gallery"">
										<img class=""art_img_mini_img j_fullppt_cover""  src='https://n.sinaimg.cn/spider2020512/790/w1000h590/20200512/50ca-itmiwrz3079470.jpg' alt="""" />
										<h2 class=""art_img_tit""></h2>
									</figure>
								
<p class=""art_p"" cms-style=""font-L"">美国军方最新发布的照片显示，一架部署在关岛的B-1B轰炸机弹仓仓门敞开，能看了仓内挂载的3枚巨大导弹。报道称，这些画面展示了B-1B轰炸机可以将一个国家防卫最为严密的目标置于危险境地的能力。JASSM导弹的射程达到230英里（约合370公里），而它的改进型号JASSM-ER，射程更是高达600英里（约合966公里）。</p>
<p class=""art_p"" cms-style=""font-L"">报道认为，这将是一个强有力的信号，肯定会引起目标对象的注意。上个16日，5架B-52H轰炸机16日在没有轮换机队的情况下飞离关岛安德森空军基地，结束美国空军自2004年以来从未间断执行的“轰炸机持续存在任务”。但随后美军又向关岛部署了B-1B战略轰炸机，并在西太平洋地区频繁开展活动，甚至还于4月下旬飞入南海上空。</p>

									<figure class=""art_img_mini j_p_gallery"">
										<img class=""art_img_mini_img j_fullppt_cover""  src='https://n.sinaimg.cn/spider2020512/703/w1000h503/20200512/3f7d-itmiwrz3079468.jpg' alt="""" />
										<h2 class=""art_img_tit""></h2>
									</figure>
								
<p class=""art_p"" cms-style=""font-L"">报道称，在关岛安德森空军基地的作业过程中，将JASSM这款巡航导弹安装到轰炸机上不是一件容易的事。尽管该基地多年来不断进行扩建和升级，但仍缺少将JASSM预先装入到旋转发射器上的设施。</p>
<p class=""art_p"" cms-style=""font-L"">B-1B战略轰炸机配备的旋转发射器就如同一把巨大的左轮手枪的弹巢，发射一枚导弹后可以旋转，让下一枚导弹处于发射位置。这个体积巨大的旋转发射器可以在机外装填导弹，然后再将整个旋转发射器装入弹仓内。而在安德森空军基地，只能先将空的旋转发射器转入弹仓，然后再逐一装填导弹，这一过程需要耗费数小时的时间。</p>",https://news.sina.com.cn/w/2020-05-12/doc-iircuyvi2671639.shtml
19,口罩中间商：这个单子一接 整个美国加州都用我们的口罩,2020-05-12 14:51:57,看看新闻KNEWS,video,"<p class=""art_t""><video src='https://interface.sina.cn/wap_api/video_location.d.html?cid=37766&table_id=36885&did=irczymk1214610&vt=4&creator_id=1001,9764&vid=33562944601&video_id=335629446&r=video.sina.cn%2Fnews%2F2020-05-12%2Fdetail-iirczymk1214610.d.html&wm=' controls=""true""></video></p>",https://video.sina.com.cn/p/news/2020-05-12/detail-iirczymk1214610.d.html
20,数家邮轮公司期待抓住夏季游客 最早6月中旬重新起航,2020-05-12 16:35:00,澎湃新闻,news,"<p class=""art_p"">原标题：数家邮轮公司期待抓住夏季游客，最早6月中旬重新起航</p>
<p class=""art_p"">尽管美国疾病控制与预防中心（CDC）早在4月出曾发布有效期至7月24日的“停帆令（NoSail Order）”，但不少饱受财务困扰的邮轮公司仍然希望能早日重返海洋。</p>
<p class=""art_p"">近日，随着全球部分地区的疫情逐渐得到控制，各城市的管控措施逐渐解除，企业开始复工，不少邮轮公司开始陆陆续续发表声明，恢复其夏季的航行计划，部分航线最早6月中旬重新起航。</p>
<p class=""art_p""><strong>嘉年华邮轮公司（Carnival Cruise Line）</strong></p>
<p class=""art_p"">嘉年华邮轮公司在一份最新报告中表示，该公司打算从8月1日开始重启北美部分航线的巡航计划，而其他航线和船只预计将在今年晚些时候重新开始服务。</p>
<p class=""art_p"">该公司在一份声明中表示： “恢复邮轮运营完全取决于我们与联邦、州、地方和国际政府官员合作的持续努力。”</p>
<p class=""art_p"">因此如果获得批准，公司将决定恢复卡纳维拉尔港和加尔维斯顿出发的8艘邮轮的运营。而之所以选择德克萨斯州和佛罗里达州的港口，公司表示是因为那里客流频繁，因此“拥有更多资源来实施新程序”。同时，那里的游客容易驾车到达，减少了在空中旅行的需要。</p>

									<figure class=""art_img_mini j_p_gallery"">
										<img class=""art_img_mini_img j_fullppt_cover""  src='https://n.sinaimg.cn/sinakd2020512s/60/w512h348/20200512/282a-itmiwrz3763171.jpg' alt="" 嘉年华邮轮公司打算从8月1日开始重启北美部分航线的巡航计划。 资料图"" />
										<h2 class=""art_img_tit""> 嘉年华邮轮公司打算从8月1日开始重启北美部分航线的巡航计划。 资料图</h2>
									</figure>
								
<p class=""art_p""><strong>皇家加勒比国际（Royal Caribbean International）</strong></p>
<div sax-type=""proxy"" class=""j_native_stu200512 box"" style=""margin:20px 0""></div><p class=""art_p"">皇家加勒比宣布将其全球船队的停航时间延长至6月11日。该公司表示，计划于6月12日恢复服务，之前宣布的一些例外情况除外。目前，大多数船员已被安排回家。</p>
<p class=""art_p""><strong>MSC邮轮公司（MSC Cruises）</strong></p>
<p class=""art_p"">MSC 邮轮公司宣布，所有新邮轮的停航时间进一步延长至7月10日。MSC邮轮美国分部决定为受此措施影响的游客提供未来邮轮积分（FCC）服务，即游客可以将未出行但已支付的全部费用，加上额外的25%积分，转移到他们将来选择的邮轮套餐上，使用范围为2021年12月31日之前出发的任何船只和任何行程，。</p>
<p class=""art_p""><strong>挪威邮轮公司（Norwegian Cruise Line）</strong></p>
<p class=""art_p"">挪威邮轮公司在4月底宣布，停航时间延长至6月底。据了解，挪威邮轮控股公司（Norwegian Cruise Line Holdings）最近筹集了足够的资金，使其能够在零收入的情况下运营到2021年初。</p>
<p class=""art_p""><strong>歌诗达邮轮（Costa Cruises）</strong></p>
<p class=""art_p"">近日，歌诗达邮轮公司宣布进一步延续停航时间。</p>
<p class=""art_p"">歌诗达邮轮公司最早原定于4月3日恢复航行，后来又推迟到5月15日，但由于全球疫情持续存在，再加上港口关闭和人员流动限制等措施，邮轮公司明确表示公司将停航时间延长至六月结束。</p>

									<figure class=""art_img_mini j_p_gallery"">
										<img class=""art_img_mini_img j_fullppt_cover""  src='https://n.sinaimg.cn/sinakd2020512s/420/w780h440/20200512/4a8f-itmiwrz3763172.jpg' alt=""歌诗达邮轮公司&nbsp;"" />
										<h2 class=""art_img_tit"">歌诗达邮轮公司&nbsp;</h2>
									</figure>",https://news.sina.com.cn/s/2020-05-12/doc-iirczymk1234380.shtml
21,美国联邦贸易委员会：正在调查针对Zoom的隐私投诉,2020-05-12 07:43:00,新浪科技,tech,"<p class=""art_p"">新浪科技讯 北京时间5月12日早间消息，据外媒报道，美国联邦贸易委员会（FTC）主席约瑟夫·西蒙斯(Joseph Simons)周一表示，委员会正在调查针对美国科技公司Zoom视频通讯公司的隐私投诉。</p>
<p class=""art_p"">在与议员的电视电话会议中，西蒙斯提到其中一位来自加利福尼亚州的众议院议员杰瑞·麦克内尼（Jerry McNerney）对Zoom的担忧。麦克内尼与其他议员一起给Zoom写了一封信，对Zoom从注册和非注册用户收集的信息、其订阅者可能存在云端的录音表达了担忧。</p>
<p class=""art_p"">虽然信中并未直接谈到Zoom的问题，但是西蒙斯表示委员会将认真对待投诉。</p>
<p class=""art_p"">“我们乐意接受来自各方的投诉，”他说，“如果你从媒体报道中读到了一件事情，那你可以放心，我们已经着手调查。或者，由于媒体关心此事我们即将开始调查。如果媒体已经关注，我们就已经在处理了。”</p>
<div sax-type=""proxy"" class=""j_native_stu200512 box"" style=""margin:20px 0""></div><p class=""art_p"">FTC的调查不一定会查出不法行为。</p>
<p class=""art_p"">西蒙斯是在与众议院能源和商业委员会的下属委员会召开电视电话会议时做此表态的。</p>
<p class=""art_p"">Zoom是新冠疫情期间采取封锁隔离措施的最大受益者之一，几百万工人和学生利用其视频平台居家工作或学习。</p>
<p class=""art_p"">但是它也有成长的痛苦。由于Zoom并未透露其服务并非端到端加密而受到批评。Zoom表示将开发工具，给予会议主持人更多支配权，让使用者可以安全参加会议，然后提交给外部机构审查。（贝格）</p>",https://tech.sina.com.cn/i/2020-05-12/doc-iircuyvi2595542.shtml
22,“5G消息”能打败微信吗？网友支招：免流量费可以有,2020-05-12 00:16:00,中国新闻网,news,"<p class=""art_p"">原标题：[12日凌晨发]“5G消息”能打败微信吗？ 网友支招：免流量费，可以有</p>
<p class=""art_p"" cms-style=""font-L"">中新网客户端北京5月12日电（记者 吴涛）中国移动的5G消息APP上架一天即下架。这次短暂的见面揭开了5G消息的冰山一角，网友的很多疑问也冒出来：不是说好的和短信一样不需要下载吗？到底能不能打败微信？</p>

									<figure class=""art_img_mini j_p_gallery"">
										<img class=""art_img_mini_img j_fullppt_cover""  src='https://n.sinaimg.cn/sinakd2020512s/296/w700h396/20200512/a579-itmiwrz1205643.jpg' alt=""资料图：5G消息白皮书。图片来源：中国移动"" />
										<h2 class=""art_img_tit"">资料图：5G消息白皮书。图片来源：中国移动</h2>
									</figure>
								
<p class=""art_p"" cms-style=""strong-Bold font-L"">5G消息APP并非面向客户商用</p>
<p class=""art_p"" cms-style=""font-L"">下载过5G消息APP的网友表示，5G消息APP介绍称，是中国移动基于国际RCS标准打造的一款通讯及服务软件，支持发送文本、图片、音视频、地理位置等丰富消息；还可与商户的聊天机器人进行交互。</p>
<p class=""art_p"" cms-style=""font-L"">“说好的集成在短信里面，现在又要独立APP？”11日，中国移动对于网友关切问题进行回应时称，并非面向客户商用发布的产品。</p>
<p class=""art_p"" cms-style=""font-L"">“因当前一些终端尚未支持5G消息功能，中国移动开发了5G消息APP，可以让开发者完成Chatbot（智能聊天机器人）应用开发后，真实体验消息交互服务，吸引广大开发者积极参与5G消息的合作生态构建。”中国移动解释。</p>
<p class=""art_p"" cms-style=""font-L"">运营商的“5G消息”可追溯到4月8日，当天，三大运营商联合发布的《5G消息白皮书》显示，5G消息业务是终端原生基础短消息服务的全新升级，未来用户更换5G手机或将现有4G/5G手机升级，即可便捷使用5G消息服务。</p>
<p class=""art_p"" cms-style=""font-L"">实际上，2019年6月26日，在2019年上海世界移动通信大会期间，中国移动举办了5G消息创新开放实验室成立暨RCS产品发布会，发布了5G新产品——RCS（融合通信）商业富媒体消息。</p>
<p class=""art_p"" cms-style=""font-L"">当时中国移动介绍，RCS商业富媒体消息以原生短信为入口，支持图文、音视频、机器人互动等富媒体消息形式，用户在消息窗口内可实现搜索、交互、支付等一站式业务体验，具有覆盖终端多、消息送达率高、手机号码就是用户ID、消息端口实名认证等优势。这和现在的5G消息介绍基本无异。</p>

									<figure class=""art_img_mini j_p_gallery"">
										<img class=""art_img_mini_img j_fullppt_cover""  src='https://n.sinaimg.cn/sinakd2020512s/324/w424h700/20200512/7054-itmiwrz1205644.jpg' alt=""网友热议5G消息。微博截图"" />
										<h2 class=""art_img_tit"">网友热议5G消息。微博截图</h2>
									</figure>
								
<p class=""art_p"" cms-style=""strong-Bold font-L"">能不能打败微信？</p>
<p class=""art_p"" cms-style=""font-L"">5G消息引发很多人讨论的另一个话题是，“它未来是否可匹敌、甚至取代社交霸主微信”。有网友称，三大运营商联合，有可能。还有网友出谋划策，“用APP免5G流量费或许可以。”</p>
<p class=""art_p"" cms-style=""font-L"">市场也给予了可观的预期。5G消息发布后，浙商证券曾发研报称，5G消息实现运营商消息服务的跃变，通过运营商16亿消息入口的全面覆盖基础，以及强大的精准营销能力、直接触达能力，有望产生巨大商业价值，预测2022年-2025年国内行业客户市场规模218亿元-580亿元，市场空间可观。</p>
<p class=""art_p"" cms-style=""font-L"">不过也有观点认为，5G消息难以逾越微信。11日，微博平台上发起的一项调查显示，超七成投票网友认为，5G消息APP难以打败微信，因为微信和用户绑定太深了。</p>
<p class=""art_p"" cms-style=""font-L"">还有网友称，当初飞信没有竞争对手，短信很贵，还是在智能手机没有大规模普及的情况下，各种天时地利，结果还是没成，现在更难了。</p>

									<figure class=""art_img_mini j_p_gallery"">
										<img class=""art_img_mini_img j_fullppt_cover""  src='https://n.sinaimg.cn/sinakd2020512s/770/w500h270/20200512/bf0a-itmiwrz1205672.jpg' alt=""资料图：中国移动发布RCS商业富媒体消息，图片来源：中国移动供图"" />
										<h2 class=""art_img_tit"">资料图：中国移动发布RCS商业富媒体消息，图片来源：中国移动供图</h2>
									</figure>
								
<p class=""art_p"" cms-style=""strong-Bold font-L"">5G消息的劲敌还有苹果</p>
<p class=""art_p"" cms-style=""font-L"">除了微信，5G消息还面临一个劲敌，那就是苹果公司。</p>
<p class=""art_p"" cms-style=""font-L"">独立电信分析师付亮称，苹果iOS很难在短时间内向外界开放这个信息服务功能，尤其是有底层安全需求的应用。看看安全软件、号码助手登陆iOS系统都用了多长时间？</p>
<p class=""art_p"" cms-style=""font-L"">如，底层应用搜狗输入法上架苹果应用商店都费了老牛鼻子劲。苹果iOS 8才持第三方输入法，也就是iPhone 6的时代。何况苹果还有个5G消息的类似产品iMessage。所以，有网友称，“不难理解5G消息上线一天即被苹果下架了”。</p>
<p class=""art_p"" cms-style=""font-L"">11日，中国移动回应5G消息APP下架一事时则表示，由于前期三家运营商联合发布5G消息白皮书，引发较高舆论关注，为保护“5G消息”名称不被恶意抢占，中国移动近日在应用市场进行上线。因存在一些技术问题，该APP目前临时下线，稍后会重新上线。</p>
<p class=""art_p"" cms-style=""font-L"">另据外媒报道，苹果正在对iMessage进行大幅度改造，近日向美国专利商标局提出iMessage应用程序界面的新专利文件，且申请文件数据竟多达980页。由此可见，苹果不仅不会放弃iMessage，还会加大扶持力度。</p>
<p class=""art_p"" cms-style=""strong-Bold font-L"">盈利模式和生态建设亦是考验</p>
<p class=""art_p"" cms-style=""font-L"">除iMessage外，分析人士普遍认为，5G消息是否能成功还面临生态建设和盈利模式的考验。首先，5G消息盈利模式不明朗，微信和iMessage都是免费的，短信目前是收费的，5G消息取代了短信会免费吗？</p>
<p class=""art_p"" cms-style=""font-L"">工信部最新数据显示，移动短信业务量快速增长，收入同比降幅收窄。一季度，移动短信业务收入90亿元。三大运营商是否能舍弃这部分收入？</p>
<p class=""art_p"" cms-style=""font-L"">此外，在生态建设上，全球移动通信系统协会GSMA已计划将5G消息纳入5G终端必选功能。未来，用户更换5G手机或将现有4G/5G手机升级，即可便捷使用5G消息服务。华为、中兴、小米等终端厂商也表示对5G消息全面支持。</p>
<p class=""art_p"" cms-style=""font-L"">所以宽泛意义上，未来大部分移动用户都是5G消息用户。但不管如何，5G消息还是得让用户用起来才算成功，如何加强5G消息用户粘性也是运营商面临的一大问题。（完）</p>",https://news.sina.com.cn/o/2020-05-12/doc-iircuyvi2574586.shtml
23,钟南山用拥抱迎接援伊拉克医生：感恩有你 山河无恙,2020-05-12 15:31:29,新浪新闻,video,"<p class=""art_t""><video src='https://interface.sina.cn/wap_api/video_location.d.html?cid=37766&table_id=36885&did=irczymk1221585&vt=4&creator_id=9805,9888&vid=33563225301&video_id=335632253&r=video.sina.cn%2Fnews%2F2020-05-12%2Fdetail-iirczymk1221585.d.html&wm=' controls=""true""></video></p>",https://video.sina.com.cn/p/news/2020-05-12/detail-iirczymk1221585.d.html
24,特朗普称每个人都能被检测 共和党州长摇头反对：事实并非如此,2020-05-12 15:37:13,海外网,video,"<p class=""art_t""><video src='https://interface.sina.cn/wap_api/video_location.d.html?cid=37766&table_id=36885&did=ircuyvi2692848&vt=4&creator_id=9805,9888&vid=33562359503&video_id=335623595&r=video.sina.cn%2Fnews%2F2020-05-12%2Fdetail-iircuyvi2692848.d.html&wm=' controls=""true""></video></p>",https://video.sina.com.cn/p/news/2020-05-12/detail-iircuyvi2692848.d.html
25,疫情期间一些青少年沉迷手游 实名认证仍存漏洞,2020-05-12 08:21:00,中国青年报,edu,"<p class=""art_p"" cms-style=""font-L""><strong>疫情期间一些青少年沉迷手机游戏</strong></p>
<p class=""art_p"" cms-style=""font-L""><strong>实名认证仍存漏洞 部分游戏涉嫌违规</strong></p>
<p class=""art_p"" cms-style=""font-L"">中山大学博士生钟瑞春节返乡时注意到，农村地区有WiFi信号的地方是许多孩子的聚集地，他们抱着手机可以在信号范围内“厮杀”一下午。在老家上初中的表弟告诉他，除了手机游戏，“其他活动都没意思”。“手机游戏化已成为儿童成长中的地雷。”</p>
<p class=""art_p"" cms-style=""font-L"">壮壮是被邻居家12岁的诚诚带着“入坑”的。看到诚诚在游戏里“大杀四方”，他觉得“很刺激，很有意思”，甚至上网课、写作业的间歇也会玩上一把，或者用iPad看一会游戏主播的视频。而他们玩游戏所需的手机、社交账号，都来自自己的家长。</p>
<p class=""art_p"" cms-style=""font-L"">疫情期间，未成年人沉迷网络游戏的问题进一步放大，过度消费等问题更加突出，有关消费纠纷与投诉也急剧增多。在社交平台、网络论坛上，经常能看到家长发帖吐槽自家孩子沉迷游戏。气愤、无奈之余，家长也在追问：青少年沉迷网络游戏难以自拔，该怎么办？许多游戏、网络平台已经采用“青少年模式”，为何还是不管用？</p>
<p class=""art_p"" cms-style=""strong-Bold font-L"">疫情放大镜：青少年沉迷手机游戏，农村尤甚</p>
<p class=""art_p"" cms-style=""font-L"">上午最后一节网课一结束，壮壮的娱乐时间就到了。退出网课软件，他就打开了iPad上的“吃鸡”游戏。上网课、写作业、打游戏……不同的软件在屏幕上交替运行。</p>
<p class=""art_p"" cms-style=""font-L"">有时，壮壮还会约着小伙伴诚诚一起联网打游戏。壮壮原本对操作复杂的手机游戏一窍不通，但疫情期间被关在小区出不去，他和这个比他大两岁的邻居成了好朋友，也被他带着玩起了“吃鸡”游戏。</p>
<p class=""art_p"" cms-style=""font-L"">一周之内，段位从青铜升到黄金，壮壮很有成就感，越来越喜欢这款游戏，每天都在上面花费一两个小时。不过打游戏用的手机，是妈妈淘汰下来的旧手机；看游戏视频的iPad，是家里为他上网课而专门准备的……</p>
<p class=""art_p"" cms-style=""font-L"">疫情期间，类似的场景在许多家庭都会上演。有的孩子甚至借着上网课的名义，拿着父母的手机打游戏。一旦被发现，一场家庭批斗大会就将上演，甚至演化为“男女混合双打”。</p>
<p class=""art_p"" cms-style=""font-L"">相比壮壮这些城里孩子，农村地区许多青少年对网络游戏的沉迷程度可能更深。</p>
<p class=""art_p"" cms-style=""font-L"">中山大学博士生钟瑞春节返乡时注意到，农村地区有WiFi信号的地方是许多孩子的聚集地，他们抱着手机可以在信号范围内“厮杀”一下午。几个孩子抱着手机聚在一起时，“你打下路”“小心野区有人”等高频词就蹦了出来，游戏中达成最高等级的王者，往往可以赢得同伴羡慕的眼神。</p>
<p class=""art_p"" cms-style=""font-L"">在老家上初中的表弟告诉钟瑞，除了手机游戏，“其他活动都没意思”。面对家长的指责，不少农村孩子却教育父母：“游戏主播一年可以挣好几千万，一边打游戏一边挣钱”。</p>
<p class=""art_p"" cms-style=""font-L"">“手机游戏化已成为儿童成长中的地雷。”钟瑞说。苏州大学政治与公共管理学院教师刘成良曾调研广西、云南两省6个县市的多所学校，发现农村孩子已普遍人手一部手机，游戏是他们的最爱，“玩到停不下来”。有的学生会偷偷地把手机带到学校去玩，有的虽然没有手机，但是学校周边的商店竟然会赊账给这些学生买手机。当地农民告诉他：“在农村，被手机废掉的孩子有一大批。”</p>
<p class=""art_p"" cms-style=""font-L"">刘成良表示，农村地区青少年沉迷网络游戏现象十分严重，疫情期间这类现象更加明显。“今年寒假时间特别长，孩子能玩的时间也会长很多，在家上网课也有更便利的条件（玩游戏）。”他颇为无奈地说。</p>
<p class=""art_p"" cms-style=""strong-Bold font-L"">防不胜防！网游实名认证在执行中存漏洞</p>
<p class=""art_p"" cms-style=""font-L"">事实上，对于青少年游戏沉迷问题，有关部门早有要求。2019年11月开始施行的国家新闻出版署《关于防止未成年人沉迷网络游戏的通知》（以下简称《通知》）要求，实行网络游戏用户账号实名注册制度，所有网络游戏用户均须使用有效身份信息方可进行游戏账号注册。但现实中往往防不胜防。</p>
<p class=""art_p"" cms-style=""font-L"">为畅快地玩游戏，壮壮颇费了一番周折。由于这款游戏接入了腾讯成长守护平台，对未成年人的使用时长有明确限制，还要求实名认证，他想了个办法绕开技术限制：在妈妈不用的旧手机上，下载安装游戏软件和微信App，设法拿到短信验证码后，登录妈妈的微信账号，再通过微信账号来注册、登录游戏账号。如此一来，游戏时长就几乎没了限制，游戏也无法判定壮壮的未成年人身份。</p>
<p class=""art_p"" cms-style=""font-L"">广东省消费者委员会关注到“绕开实名认证”的问题。该委员会在4月底发出一份关于未成年人网络游戏充值消费的警示，其中提及：根据消费者反映及对有关网络游戏企业的调查，部分网络游戏企业在实名认证设置中存在明显漏洞，用户可以通过默认手机号码、第三方平台授权、关联已注册过的其他游戏等方式进行登录，从而容易让未成年人使用成年人信息注册登录账号，使游戏时长、充值额度等防沉迷限制功能失去作用。</p>
<p class=""art_p"" cms-style=""font-L"">作为全球规模最大的游戏公司，腾讯于2017年上线了协助家长监控孩子游戏习惯的“成长守护平台”。目前，该平台已接入用户数达3000万，且要求所有玩家实名注册，并与公安部门合作进行实名制验证。</p>
<p class=""art_p"" cms-style=""font-L"">该平台负责人告诉中青报·中青网记者，对于疑似冒用成年人账号玩游戏的未成年人玩家，平台会在实名制验证的基础上进行人脸识别验证，若玩家拒绝验证，或人脸识别认证信息与实名制信息不匹配，则会将游戏时间限制为一小时。目前《王者荣耀》《和平精英》等热门游戏都已接入这项功能。</p>
<p class=""art_p"" cms-style=""font-L"">该负责人还说，腾讯成长守护平台的“自我管理”模式下，家长可以绑定自己的QQ、微信账号，从而防止被冒用。此外，腾讯成长守护平台的人脸识别验证中，有62%的用户被判定为未成年人。</p>
<p class=""art_p"" cms-style=""strong-Bold font-L"">部分游戏未落实规定，青少年游戏付费问题需警惕</p>
<p class=""art_p"" cms-style=""font-L"">疫情期间，各大游戏厂商的流量和现金收入持续增长。Steam游戏平台同时在线人数突破2300万，创下历史新高。伽马数据显示，2020年1月手游市场流水同比增幅达49.5%，其中春节期间规模达47.7亿元，与2019年春节相比增长35.9%。</p>
<p class=""art_p"" cms-style=""font-L"">青少年也为巨大的游戏和现金流量贡献了不少。正在上初中的表弟告诉钟瑞，他平时偷偷把压岁钱和通过微信红包获得的零钱攒下来，在游戏中购买皮肤或装备。另一个表弟已经偷偷存了约2000元，准备给自己换个新的游戏手机。</p>
<p class=""art_p"" cms-style=""font-L"">对于青少年的游戏消费行为，《通知》要求网络游戏企业须采取有效措施，限制未成年人使用与其民事行为能力不符的付费服务，不得为未满8周岁的用户提供游戏付费服务；8-16周岁的用户单次充值金额不得超过50元，每月充值金额累计不得超过200元；16-18周岁的用户单次充值金额不得超过100元，每月充值金额累计不得超过400元。在游客体验模式下，用户无须实名注册，但也不能充值和付费消费。</p>
<p class=""art_p"" cms-style=""font-L"">但在现实中，仍有部分网络游戏企业未严格落实《通知》规定，存在未成年人账号充值限额高于规定，甚至不受限制的问题。</p>
<p class=""art_p"" cms-style=""font-L"">据媒体报道，河南商丘李女士11岁的儿子在2月5日至10日短短6天内，用手机往两款游戏充值了近2万元。疫情期间，贵阳任女士的孩子也用手机给两款手游充值了4万多元。</p>
<p class=""art_p"" cms-style=""font-L"">江苏省消保委发布的未成年人游戏充值、直播打赏调查报告显示，《开心消消乐》《奥特曼传奇英雄》《天龙3D》（苹果手机）等3款游戏的游客模式中，玩家可直接进入游戏，并可直接充值消费，并无金额限制。《创造与魔法》《第五人格》等几款游戏则存在填写未成年人实名信息，玩游戏时间不限定，单次充值可超过50元，甚至高达到648元，且可多次充值等现象。</p>
<p class=""art_p"" cms-style=""font-L"">此外，一些网游在消费支付时缺乏身份再验证环节，潜藏风险。广东省消委会提醒，一些网络游戏在支付环节基本无须验证身份信息，仅凭借支付密码、指纹、短信验证码等就可以支付，或直接跳转第三方支付工具进行支付。有些家长为了让孩子使用手机方便，将孩子指纹录入手机，或将密码告知孩子等，十分危险。另外，部分第三方支付工具的“小额免密支付”也为未成年人充值提供便利。</p>
<p class=""art_p"" cms-style=""font-L"">今年一季度，江苏省消保委系统受理未成年人网游类投诉425件，与去年同期相比增加了460%。其中，未成年充值群体中年龄最小的3岁，充值金额最高达7万元。投诉问题主要集中在未成年人充值容易退费难，家长面对高额充值的追回力不从心。</p>
<p class=""art_p"" cms-style=""font-L"">针对青少年的游戏付费行为，腾讯方面在2018年6月发起“少年灯塔主动服务工程”，设立未成年人游戏专线客服专线，对疑似未成年人非理性消费进行主动提醒，并建立未成年人非理性消费申诉和受理机制，同时为有需要的家庭提供免费教育辅导服务。</p>
<p class=""art_p"" cms-style=""font-L"">腾讯成长守护平台负责人表示，目前“少年灯塔主动服务工程”进展较为顺利，且正在小规模测试对疑似未成年人玩家的游戏消费和支付行为进行再次人脸识别验证，月充值额度设为400元。</p>
<p class=""art_p"" cms-style=""font-L"">该负责人也提到，因为IOS平台的封闭属性，用户在IOS系统中完成消费内购、游戏消费之后，苹果公司与游戏开发商一般会按照3∶7的比例分成。如果家长对青少年的游戏付费有异议或申请退款，需要游戏开发商与苹果公司沟通处理，这将导致处理流程更加漫长。</p>
<p class=""art_p"" cms-style=""strong-Bold font-L"">亟须更完善、更有力的保护措施</p>
<p class=""art_p"" cms-style=""font-L"">除非理性的游戏消费外，青少年在游戏中可能面临的诈骗风险同样值得关注。</p>
<p class=""art_p"" cms-style=""font-L"">辽宁锦州网警日前发布消息称，疫情期间各地已发生多起以充值游戏币名义实施诈骗的案件。有的诈骗分子在QQ群卖游戏币，在用户付费后强制要求加购，用户要求退钱却始终无人理会；还有人在玩游戏时认识自称卖游戏币的好友，通过微信转账1600多元后没有收到游戏币，也联系不上对方，才发现被骗。</p>
<p class=""art_p"" cms-style=""font-L"">“中小学生缺乏基本的自制力和辨识力，不仅容易沉迷游戏，也容易被诈骗。”中国青少年宫协会媒介与教育工委会常务副主任张海波表示，疫情期间已经发生多起涉及青少年的网络游戏诈骗案件，出台更完善、更有力的保护措施迫在眉睫。</p>
<p class=""art_p"" cms-style=""font-L"">我国未成年网民有1.69亿，未成年人互联网普及率高达93.7%，即便在农村地区，未成年人的上网比例也高达89.7%。虽然“手机游戏毁了下一代”等说法颇为流行，但大多数人也认同，未成年人与互联网不可能完全割裂。</p>
<p class=""art_p"" cms-style=""font-L"">张海波认为，尽管许多游戏企业都在根据自己的情况制定青少年保护、游戏防沉迷的模式和机制，但整个游戏行业缺乏较为统一的防沉迷规则或标准，尤其是一些中小型游戏企业和平台的游戏防沉迷工作表现较差，甚至根本没有相应的机制。</p>
<p class=""art_p"" cms-style=""font-L"">但这也不只是游戏企业的责任。张海波这几年一直在从事青少年网络素养培育工作，他注意到仍有许多家长并不熟悉如何使用游戏防沉迷系统。“不只是设置好这些机制，还要加强宣传、推广和使用。”</p>
<p class=""art_p"" cms-style=""font-L"">中青报·中青网记者 王林 来源：中国青年报</p>",https://edu.sina.com.cn/zxx/2020-05-12/doc-iirczymk1130954.shtml
26,疫情下美国民众出门意愿不高 刺激经济效果或有限,2020-05-12 10:07:00,中国新闻网,news,"<p class=""art_p"">原标题：疫情下美国民众出门意愿不高 刺激经济效果或有限</p>
<p class=""art_p"" cms-style=""font-L"">中新网5月12日电 据“中央社”12日报道，美国近期进行的一项民调显示，80%的美国民众认为，强制隔离新冠确诊病患很重要，会影响到他们是否回归正常生活的意愿。</p>

									<figure class=""art_img_mini j_p_gallery"">
										<img class=""art_img_mini_img j_fullppt_cover""  src='https://n.sinaimg.cn/sinakd2020512s/365/w700h465/20200512/a3d8-itmiwrz2114906.jpg' alt="" 当地时间5月3日，美国旧金山湾区一家超市挂出提醒顾客保持“社交距离”的醒目标识。 中新社记者 刘关关 摄"" />
										<h2 class=""art_img_tit""> 当地时间5月3日，美国旧金山湾区一家超市挂出提醒顾客保持“社交距离”的醒目标识。 中新社记者 刘关关 摄</h2>
									</figure>
								
<p class=""art_p"" cms-style=""font-L"">据报道，随着美国多州逐渐松绑居家令，盖洛普民意测验中心（Gallup）4月27日至5月3日进行了一项民意调查，询问4553名美国民众在考虑回归正常生活时，哪些因素或条件对他们来说最重要。</p>
<p class=""art_p"" cms-style=""font-L"">调查结果显示，高达80%受访者认为，强制隔离确诊病患对他们来说非常重要。其他影响民众意愿的因素还包括更好的新冠病毒诊疗方式（77%）、确诊及死亡人数显著下降（73%）、疫苗上市（68%）及大规模检测（61%）等。</p>
<p class=""art_p"" cms-style=""font-L"">调查还发现，过半数美国民众认为，当地卫生部门能否确保当地医院有能力接收病患（59%），或要求民众保持社交距离（51%），也会影响民众回归正常生活的意愿。</p>
<p class=""art_p"" cms-style=""font-L"">报道称，美国虽为全球新冠疫情最严重的国家，但美国政府既未追溯确诊病患接触史，对于确诊病患又未强制要求居家隔离，导致很多美国民众人心惶惶。</p>
<p class=""art_p"" cms-style=""font-L"">据《华盛顿邮报》与马里兰大学5日共同发布的一份民调显示，即使不考虑现行居家令限制，仍有67%民众不太敢前往服饰店购物，78%对在餐厅内用餐无法感到放心。</p>
<p class=""art_p"" cms-style=""font-L"">这意味着，就算美国政府松绑防疫限制，允许餐厅店家重新开门营业，在疫情阴影笼罩下，民众出门消费的意愿可能仍不高，刺激经济效果有限。</p>",https://news.sina.com.cn/w/2020-05-12/doc-iirczymk1154864.shtml
27,马路当成游乐场？广西一女子开卡丁车上路,2020-05-12 15:53:21,封面新闻,video,"<p class=""art_t""><video src='https://interface.sina.cn/wap_api/video_location.d.html?cid=37766&table_id=36885&did=irczymk1225760&vt=4&creator_id=9805,9888&vid=33562960201&video_id=335629602&r=video.sina.cn%2Fnews%2F2020-05-12%2Fdetail-iirczymk1225760.d.html&wm=' controls=""true""></video></p>",https://video.sina.com.cn/p/news/2020-05-12/detail-iirczymk1225760.d.html
28,韩最大旅行社称销售几乎归零 韩旅游收入跌至9年来新低,2020-05-12 15:27:50,新浪新闻,video,"<p class=""art_t""><video src='https://interface.sina.cn/wap_api/video_location.d.html?cid=37766&table_id=36885&did=ircuyvi2691278&vt=4&creator_id=1001,9764&vid=33563285702&video_id=335632857&r=video.sina.cn%2Fnews%2F2020-05-12%2Fdetail-iircuyvi2691278.d.html&wm=' controls=""true""></video></p>",https://video.sina.com.cn/p/news/2020-05-12/detail-iircuyvi2691278.d.html
29,申花争霸赛-曹赟定助金信煜连场破门 白队1-0蓝队,2020-05-12 16:57:24,新浪体育,sports,"<p class=""art_p"">北京时间5月12日15点，上海申花蓝白对抗赛进行第二场较量，上海申花蓝队对阵上海申花白队。凭借金信煜的进球，白队1-0战胜蓝队。</p>
<p class=""art_p"">按照申花的赛程，五月份会进行3场蓝白争霸赛。崔康熙的球队为队内对抗赛做足了准备：主教练通过掷硬币的方式选出两队主帅，毛毅军率领蓝队，李诚铭统帅白队。两位主教练选出各自的队长后，又通过桌上足球方式选拔队员，确定蓝、白两队的名单。这三场蓝白争霸赛对于申花很重要。不但是两种战术的演练，更是球队球员表现证明自己的好机会。崔康熙在看台上观赛都看在了眼里。在首场较量中，蓝白两队各自通过打进点球战成了1-1平。本场比赛，上轮比赛因伤缺阵的沙拉维将继续缺阵，此外朱辰杰、高迪和何龙海也都因伤无缘比赛。</p>
<p class=""art_p"">比赛开始之前，球队举办了一个向母亲致敬的环节，球员们对自己的母亲赠送康乃馨并合影留念。第2分钟，白队左路进攻，钱杰给左路下底传中被张璐破坏。1分钟后，白队右边路下底，赵明剑传中到门前，禁区内柏佳骏跟上打门踢疵了，球到了右侧彭欣力再打被挡出解围。第5分钟，蓝队获得开场后首个角球机会，队长孙世林左侧角球开出到禁区前点，马丁斯拿球被放倒。蓝队继续获得定位球机会，最后传中被曾诚没收。第8分钟，孙世林外围拿球后一脚远射，球打中禁区内张璐身上后折射入网，但张璐被吹越位，进球无效。</p>
<p class=""art_p"">第12分钟，白队进攻，曹赟定跟进迎球推射高出横梁。比赛开始后一段时间，白队一直占据场上优势，第15分钟，蓝队获得中路定位球机会，孙世林任意球直接打门打在人墙上弹出，外围挑传左路找马丁斯，皮球直接出了底线。第22分钟，白队拿球，秦升外围中路突然起脚远射皮球擦着横梁高出。第24分钟，白队打出精彩配合，彭欣力有路斜传，曹赟定跟上直接大力远射，李帅飞身扑出右侧底线。1分钟后，白队右路角球开出给到前点，马丁斯大力抽射被曾诚扑出。</p>
<p class=""art_p"">第35分钟，曹赟定前场右路传中，禁区前点金信煜包抄到位迎球直接打门入网！白队1-0取得领先。第39分钟，艾迪得球推进长传中路被头球解围。上半场比赛，白队1-0领先蓝队。</p>
<p class=""art_p"">下半场双方易边再战，两队都在门将位置上都做出了调整，曾城被温智翔换下，李帅则被陈钊换下。第48分钟，蓝队获得定位球机会，皮球打在人墙上被解围。1分钟后，蓝队右路孙世林起球到门前，马丁斯争顶没有碰到，丛震跟上打门偏出。第55分钟，白队获得前场左侧任意球，曹赟定主罚直接攻门，皮球打在人墙身上出了底线。第57分钟，曹赟定弧顶得球分到右侧，金信煜得球斜射远端被陈钊没收。</p>
<div sax-type=""proxy"" class=""j_native_qrs200512 box"" style=""margin:20px 0""></div><p class=""art_p"">第64分钟，彭欣力接球分前场中路，钱杰给插上得球形成单刀，在温家宝干扰下将球打偏。在随后的比赛中，双方接连进行换人调整，场面激烈程度也一定程度降低。第67分钟，汪海建得球分右侧，张璐得球快速推进传中到小禁区，球被温智翔摘下。第82分钟，蓝队右路突破下底横传，眭海前点抢射被挡出底线。第84分钟，莱昂纳德右侧突破传中，包抄打门偏出。蓝队左路角球开出，摆渡到小禁区，球被温智翔拿到。第90分钟，赵明剑后场上抢断球推进，禁区右侧横传中路，刘宇豪得球单刀射门被出击的陈钊破坏。最终全场比赛结束，白队1-0战胜蓝队。</p>
<p class=""art_p"">上海申花蓝队：27-李帅（45’12-陈钊）、3-毕津浩、8-张璐、15-朱建荣、16-李运秋、17-马丁斯（59’50-廖浩川）、32-艾迪、33-汪海建、37-孙世林、38-温家宝、39-丛震</p>
<p class=""art_p"">替补：12-陈钊、47-朱越、48-海小锐、50-廖浩川、51-卢正杰、54-王健聪、55-杨泽翔</p>
<p class=""art_p"">上海申花白队：：19-曾城（45’45-温智翔）、4-蒋圣龙、7-钱杰给、13-赵明剑、20-金信煜、21-朱宝杰、23-柏佳骏、25-彭欣力、26-秦升、28-曹赟定（70’46-王子文）、35-冯潇霆</p>
<p class=""art_p"">替补：14-孙凯、42-刘宇豪、43-王毅、45-温智翔、46-王子文、52-眭海、53-金顺凯</p>
<p class=""art_p"">（卡卡）</p>",https://sports.sina.com.cn/china/j/2020-05-12/doc-iirczymk1238692.shtml
30,一方土炕见证他的人民情怀,2020-05-12 00:11:47,新华社,news,"<p class=""art_p"">原标题：第一观察 | 一方土炕见证他的人民情怀</p>

									<figure class=""art_img_mini j_p_gallery"">
										<img class=""art_img_mini_img j_fullppt_cover""  src='https://n.sinaimg.cn/news/crawl/417/w550h667/20200512/fe88-itmiwrz2722887.jpg' alt="""" />
										<h2 class=""art_img_tit""></h2>
									</figure>
								
<p class=""art_p"">11日，在山西考察的习近平总书记来到大同市云州区西坪镇坊城新村，同村民坐在炕沿上拉家常。</p>

									<figure class=""art_img_mini j_p_gallery"">
										<img class=""art_img_mini_img j_fullppt_cover""  src='https://n.sinaimg.cn/news/crawl/136/w550h386/20200512/4e7e-itmiwrz2722975.jpg' alt="" 2020年，习近平在山西大同市西坪镇坊城新村考察。新华社记者 谢环驰 摄"" />
										<h2 class=""art_img_tit""> 2020年，习近平在山西大同市西坪镇坊城新村考察。新华社记者 谢环驰 摄</h2>
									</figure>
								
<p class=""art_p"">习近平走村入户、同群众一起坐在炕上“唠嗑”的镜头，经常出现在他的考察调研中。</p>

									<figure class=""art_img_mini j_p_gallery"">
										<img class=""art_img_mini_img j_fullppt_cover""  src='https://n.sinaimg.cn/news/crawl/149/w550h399/20200512/2140-itmiwrz2723032.jpg' alt=""2015年，习近平回梁家河看望父老乡亲。新华社记者 兰红光 摄"" />
										<h2 class=""art_img_tit"">2015年，习近平回梁家河看望父老乡亲。新华社记者 兰红光 摄</h2>
									</figure>
								
<p class=""art_p"">“炕”是承载中国北方群众衣食住行的生活原件。从东北到关中，在城市以外，土炕用它的厚实与炙热散漫着乡村的烟火。</p>
<p class=""art_p"">从基层成长起来的习近平对“炕”有着特殊的情结。</p>
<p class=""art_p"">上世纪60年代末，15岁的他从北京到梁家河插队当农民，在那儿度过了7年时光。那时候，他和乡亲们都住在土窑里、睡在土炕上。</p>
<p class=""art_p"">一方土炕、一盏煤油灯，陪伴着习近平读书成长。村民也被这个博学的年轻人吸引，常常在窑洞土炕上听他纵论古今，对人民群众的深厚情谊自那时便扎下了根。</p>
<p class=""art_p"">土炕之于习近平，是一段与黄土高原乡亲同吃同住同劳动的记忆，是沉淀在心底的乡愁。时过境迁，忆苦思甜，愈发激荡着他强烈的为民情怀。</p>
<p class=""art_p"">带着朴素的深情，党的十八大以来，炕头话家常、问冷暖，成为习近平总书记访贫问苦、解锁问题的一把“钥匙”。</p>

									<figure class=""art_img_mini j_p_gallery"">
										<img class=""art_img_mini_img j_fullppt_cover""  src='https://n.sinaimg.cn/news/crawl/133/w550h383/20200512/e23f-itmiwrz2723110.jpg' alt=""2012年，习近平在河北省阜平县看望慰问困难群众。新华社记者 兰红光 摄"" />
										<h2 class=""art_img_tit"">2012年，习近平在河北省阜平县看望慰问困难群众。新华社记者 兰红光 摄</h2>
									</figure>
								
<p class=""art_p"">在农村，“上炕”也是待客之道，主客形如一家。</p>
<div sax-type=""proxy"" class=""j_native_qrs200512 box"" style=""margin:20px 0""></div><p class=""art_p"">村民问：“会不会盘腿？”习近平笑着说：“我会，试试嘛，盘腿是没问题。”</p>
<p class=""art_p"">2012年12月29日，担任中共中央总书记40多天的习近平，赶赴河北省阜平县两个特困村，只为了看真贫。在村民家中，他盘腿坐在炕上，同乡亲们拉家常，了解他们的日子过得怎么样。</p>

									<figure class=""art_img_mini j_p_gallery"">
										<img class=""art_img_mini_img j_fullppt_cover""  src='https://n.sinaimg.cn/news/crawl/146/w550h396/20200512/244a-itmiwrz2723197.jpg' alt="" 2017年，习近平在赵家洼村特困户刘福有家中察看扶贫手册。新华社记者 庞兴雷 摄"" />
										<h2 class=""art_img_tit""> 2017年，习近平在赵家洼村特困户刘福有家中察看扶贫手册。新华社记者 庞兴雷 摄</h2>
									</figure>
								
<p class=""art_p"">在山西岢岚县赵家洼村特困户刘福有家，习近平坐在炕沿上，招呼老两口在自己身旁坐下，对他们说，“来，咱们拉拉话。”从种地、旱情到打工，习近平都细致询问，关切一家人最重要的生计。</p>
<p class=""art_p"">炕头话家常的场景，还出现在内蒙古困难林业职工郭永财家、宁夏杨岭村村民马克俊家、甘肃元古堆村马岗家……</p>
<p class=""art_p"">点滴细节，把党中央的牵挂送到乡亲们心里，把群众的困难和诉求记在心里，把“炕”上唠的大事小事转化为党和国家的方针政策。</p>

									<figure class=""art_img_mini j_p_gallery"">
										<img class=""art_img_mini_img j_fullppt_cover""  src='https://n.sinaimg.cn/news/crawl/152/w550h402/20200512/8715-itmiwrz2723261.jpg' alt="" 2017年，习近平在德胜村村民徐万家察看住房、生活设施、年货准备情况。张铎 摄"" />
										<h2 class=""art_img_tit""> 2017年，习近平在德胜村村民徐万家察看住房、生活设施、年货准备情况。张铎 摄</h2>
									</figure>
								
<p class=""art_p"">亲自摸一摸、看一看乡亲们的炕头，才能感知群众生活的冷暖。</p>
<p class=""art_p"">在河北张北县小二台镇的贫困村德胜村里，看到群众徐万家烧的炕，习近平特意用手摸了摸，试试暖不暖。</p>
<p class=""art_p"">来到青海互助土族自治县五十镇班彦村村民吕有章的新家，习近平关心火炕取暖效果。</p>
<p class=""art_p"">在新疆疏附县托克扎克镇阿亚格曼干村村民阿卜都克尤木·肉孜家，习近平察看起居室、厨房、牛羊圈、果园和农机具，了解一家人生产生活情况。阿卜都克尤木回忆，总书记走进他们住的抗震安居富民房，俯身摸了摸起居室炕上的地毯，特地问了一句，家里的炕热不热。</p>
<p class=""art_p"">一方炕头，散发着感动人心的温暖，映照出习近平总书记一以贯之的为民情怀。</p>",https://news.sina.com.cn/gov/xlxw/2020-05-12/doc-iirczymk1184882.shtml
31,“这么多人死去绝对是国家耻辱” 主持人批评英议员不懂隔离令,2020-05-12 11:55:06,观察者网,video,"<p class=""art_t""><video src='https://interface.sina.cn/wap_api/video_location.d.html?cid=37766&table_id=36885&did=ircuyvi2651473&vt=4&creator_id=1001,9764&vid=33560569701&video_id=335605697&r=video.sina.cn%2Fnews%2F2020-05-12%2Fdetail-iircuyvi2651473.d.html&wm=' controls=""true""></video></p>",https://video.sina.com.cn/p/news/2020-05-12/detail-iircuyvi2651473.d.html
32,YG公开TREASURE短片 新男团将于7月出道令人期待,2020-05-12 10:01:08,bnt新闻,ent,"<p class=""art_p"">新浪娱乐讯 5月12日，YG娱乐通过博客公开了预告TREASURE出道的视频短片，视频中12名成员的样子和“JULY 2020”的字样清晰可见。这是YG继BLACKPINK之后时隔4年发布大型新人组合，预计会受到国内外娱乐业界的极大期待和关注。YG方面表示：“随着BLACKPINK确定6月回归，7月TREASURE的出道也一起决定了。至于具体日期和相关信息，会在第一时间通知粉丝。感谢等待已久的粉丝们”。</p>
<p class=""art_p"">另外，TREASURE是继BIGBANG、Winner、iKON之后YG的第四组大型男团，通过2018年11月至2019年1月播出的生存节目《YG宝石盒》诞生。</p>",https://ent.sina.com.cn/s/j/2020-05-12/doc-iirczymk1152673.shtml
33,乐视网：目前贾跃亭仍是公司实际控制人,2020-05-12 10:40:00,新京报,tech,"<p class=""art_p"">原标题：乐视网：目前贾跃亭仍是公司实际控制人</p>
<p class=""art_p"" cms-style=""font-L align-Justify"">新京报讯 5月12日，乐视网董事长刘延峰表示，截至2020年5月8日，贾跃亭持有公司9.20亿股，占公司总股本的23.07%，贾跃亭虽然全部股份被冻结，大部分股份被质押，但其目前仍是公司的实际控制人。</p>",https://tech.sina.com.cn/i/2020-05-12/doc-iirczymk1163454.shtml
34,世卫组织：部分重启运转国家现疫情反弹，解封是复杂困难之举,2020-05-12 08:45:00,澎湃新闻,news,"<p class=""art_p"">原标题：世卫组织：部分重启运转国家现疫情反弹，解封是复杂困难之举</p>
<p class=""art_p"">5月11日，世卫组织总干事谭德塞在例行记者会上表示，过去一周一些逐步重启社会运转的国家出现疫情反弹的情况，显示出解除封锁将是复杂困难之举。</p>
<p class=""art_p"">“这个周末，我们看到了一些未来挑战的迹象。”谭德塞说道。</p>
<p class=""art_p"">在韩国，一个确诊病例导致追踪众多接触者，政府关闭了酒吧和夜总会，并推迟了学校开学日期。在中国，吉林舒兰新冠肺炎疫情传染链继续延长，武汉本土疫情出现反弹。较早重启的欧洲国家德国也报告称，自放松限制以来，病例数量有所回升。&nbsp;</p>
<p class=""art_p"">“幸运的是，这三个国家都建立了检测和应对病例反弹的系统。”谭德塞说。&nbsp;</p>
<p class=""art_p"">他继续说道，许多国家利用采取居家令和其他严厉措施的时间来提高检测、追踪、隔离和医治病人的能力，这是追踪病毒、减缓传播和减轻卫生系统压力的最佳方式。好消息是，我们在减慢病毒传播速度和最终挽救生命方面取得了巨大成功。&nbsp;但是采取这些严厉措施是需要付出代价的。</p>
<p class=""art_p"">封锁措施造成严重的社会经济影响，波及无数人的生计。 因此，为了保护生命和生计，缓慢而逐步解除封锁是刺激经济，同时保持对病毒高度警惕的关键，以便在发现病例回升时迅速采取控制措施。</p>
<p class=""art_p"">上周末，世卫组织发布了进一步的指导意见，概述了在解除封锁之前各国应先回答的三个关键问题：</p>
<div sax-type=""proxy"" class=""j_native_opq200512 box"" style=""margin:20px 0""></div><p class=""art_p"">第一，疫情是否得到控制？ 第二，卫生保健系统是否能够应对在放松某些措施后可能出现的病例反弹现象？ 第三，公共卫生监测系统是否能够发现和管控病例及其接触者，并能够识别病例反弹现象？ 这三个问题有助于确定是否可以缓慢解除封锁。</p>
<p class=""art_p"">然而，谭德塞认为，即便上述三个答案都是肯定的，解除封锁也是复杂困难之举。</p>
<p class=""art_p"">目前早期的血清学研究表明，人口中拥有新冠病毒抗体的群体占比仍较低，这意味着大多数人口仍易感染该病毒。在疫苗问世之前，全方位措施是应对病毒最有效的工具。</p>
<p class=""art_p"">上周末，世卫组织发布了关于学校和工作场所重新开放的新的指导意见，指出在儿童重返校园的问题上，应该考虑以下一些关键因素：</p>
<p class=""art_p"">第一，需要清晰了解当前新冠病毒的传播和儿童感染的严重性。 第二，需要考虑学校所在地的流行病学状况。 第三，在学校环境中保持新冠病毒防控措施的能力。</p>
<p class=""art_p"">同时，世卫组织发布了详细的工作场所新指南，建议所有工作场所对可能接触新冠病毒的工作人员进行风险评估，并制定预防和缓解病毒传播的行动计划，并将其作为总体业务计划的一部分。</p>
<p class=""art_p"">“我再重复一遍，只有齐心协力，我们才能渡过这场大流行劫难。”谭德塞说。</p>",https://news.sina.com.cn/w/2020-05-12/doc-iirczymk1135369.shtml
35,总理获授权扩权会独裁？匈牙利外长召见北欧5国外长,2020-05-12 02:21:00,环球网,news,"<p class=""art_p"">原标题：匈牙利外长指责北欧5国外长传播“假新闻”</p>
<p class=""art_p"" cms-style=""font-L"">[环球时报综合报道]据法新社11日报道，匈牙利外长西亚尔托当天指责丹麦、芬兰、冰岛、挪威和瑞典的外长传播关于匈牙利的“假新闻”，并召见了这5国的大使。匈议会此前通过了政府提出的《授权法》，该法授予总理欧尔班宣布无限期紧急状态等权力。批评人士认为，这会将匈牙利推向独裁。上述5国外长6日曾写信，对此表达关切。</p>",https://news.sina.com.cn/w/2020-05-12/doc-iirczymk1110233.shtml
36,被问预计夏天前新冠死亡人数有多少 特朗普：我甚至不想去想它,2020-05-12 11:17:45,环球网,video,"<p class=""art_t""><video src='https://interface.sina.cn/wap_api/video_location.d.html?cid=37766&table_id=36885&did=ircuyvi2642373&vt=4&creator_id=1001,9764&vid=33559914101&video_id=335599141&r=video.sina.cn%2Fnews%2F2020-05-12%2Fdetail-iircuyvi2642373.d.html&wm=' controls=""true""></video></p>",https://video.sina.com.cn/p/news/2020-05-12/detail-iircuyvi2642373.d.html
37,视频：赖弘国对出轨诽谤告到底 拒谈离婚细节 尊重女方请给空间,2020-05-12 12:37:55,新浪娱乐,video,"<p class=""art_t""><video src='https://interface.sina.cn/wap_api/video_location.d.html?cid=100243&table_id=36885&did=irczymk1189841&vt=4&creator_id=1028,25&vid=33561330103&video_id=335613301&r=video.sina.cn%2Fent%2Fother%2F2020-05-12%2Fdetail-iirczymk1189841.d.html&wm=' controls=""true""></video></p>",https://video.sina.com.cn/p/ent/2020-05-12/detail-iirczymk1189841.d.html
38,哈啰出行回应CEO被限制高消费：被错误认定为法人,2020-05-12 10:30:23,澎湃新闻,video,"<p class=""art_t""><video src='https://interface.sina.cn/wap_api/video_location.d.html?cid=37766&table_id=36885&did=irczymk1160467&vt=4&creator_id=9805,9888&vid=33557660301&video_id=335576603&r=video.sina.cn%2Fnews%2F2020-05-12%2Fdetail-iirczymk1160467.d.html&wm=' controls=""true""></video></p>",https://video.sina.com.cn/p/news/2020-05-12/detail-iirczymk1160467.d.html
39,中外竞跑新冠疫苗研制 投用还要过哪些难关,2020-05-11 23:06:00,第一财经,news,"<p class=""art_p"">原标题：中外竞跑新冠疫苗研制，投用还要过哪些难关</p>
<p class=""art_p"">作者：钱童心</p>
<p class=""art_p"" cms-style=""font-L align-Justify"">在新冠肺炎疫情国外蔓延势头尚未得到遏制时，全球都对疫苗寄予了厚望。大量资金和团队投入其中，包括中国在内的多个国家都在加速疫苗研发。</p>
<p class=""art_p"" cms-style=""font-L align-Justify"">目前疫苗研制的最新进展如何？何时能用上？</p>
<p class=""art_p"" cms-style=""font-L align-Justify"">世卫组织数据显示，截至4月30日，全球在研的102款新冠候选疫苗，涉及七大技术平台，其中已有至少10款进入临床试验。灭活疫苗平台技术成熟，中国已有3款灭活疫苗获临床批准；中国与其他国家团队包括美国强生等也在开发腺病毒载体疫苗；而美国生物技术公司Moderna、辉瑞等正致力于开发核酸（mRNA）疫苗，但该平台技术尚未得到验证。</p>
<p class=""art_p"" cms-style=""font-L align-Justify"">通常情况下传统疫苗研发需要5~10年，但疫情当前，新冠疫苗预计能将这一时间周期缩短至12~18个月。不过，距疫苗最终大量生产并投入使用，还有很多关口需要迈过。</p>
<p class=""art_p"" cms-style=""font-L align-Justify"">根据美国约翰斯·霍普金斯大学发布的实时统计数据，截至北京时间5月11日21时30分左右，全球累计确诊新冠肺炎病例超过413万例，累计死亡病例逾28万例。</p>

									<figure class=""art_img_mini j_p_gallery"">
										<img class=""art_img_mini_img j_fullppt_cover""  src='https://n.sinaimg.cn/sinakd2020511s/278/w690h388/20200511/31a8-itmiwrz1060915.jpg' alt="""" />
										<h2 class=""art_img_tit""></h2>
									</figure>
								
<p class=""art_p"" cms-style=""strong-Bold font-L align-Justify"">全球临床试验提速</p>
<p class=""art_p"" cms-style=""font-L align-Justify"">目前，中国已有4款新冠疫苗获准临床试验，其中，科兴生物的灭活疫苗，康希诺与军事科学院陈薇院士团队合作研发的腺病毒载体重组疫苗，已接近完成临床II期试验。</p>
<p class=""art_p"" cms-style=""font-L align-Justify"">科兴控股董事长尹卫东5月10日对媒体表示：“科兴研制的新冠病毒灭活疫苗已经完成I期II期临床试验，预计7月份试生产。”</p>
<p class=""art_p"" cms-style=""font-L align-Justify"">此前，中国医学科学院医学实验动物研究所秦川团队领衔联合多个研究团队，在国际知名期刊《科学》（Science）发布了全球首个新冠疫苗动物试验结果，研究证实，科兴生物研发的新冠灭活疫苗在恒河猴模型中安全有效。</p>
<p class=""art_p"" cms-style=""font-L align-Justify"">另外两款获批临床的疫苗，则是国药集团中国生物和中科院武汉病毒研究所联合研制的新冠灭活疫苗。</p>
<p class=""art_p"" cms-style=""font-L align-Justify"">第一财经从相关部门了解到，这两款疫苗都已进入临床I期和II期试验，相关数据有望于3个月后得出。另外，陈薇及其团队对疫苗的临床II期研究数据有望5月份揭盲，届时将对试验药和对照药的安全性疗效进行比较。此后，更大规模的临床III期研究将展开。</p>
<p class=""art_p"" cms-style=""font-L align-Justify"">针对中国灭活疫苗的生产，中国工程院院士王军志在上月的一场发布会上介绍：“我国灭活疫苗的研发和制备基础较好，利用国家生物安全等级较高的P3实验室，可以大量培养活病毒。”</p>
<p class=""art_p"" cms-style=""font-L align-Justify"">中国疾控中心主任高福在4月23日接受媒体采访时表示，中国处于新冠疫苗研发的前沿，在9月份可能有新冠疫苗投入紧急使用。“到时候疫苗可能还在临床II期或者III期试验，但如果有需要，会获得紧急使用授权批准。”</p>
<p class=""art_p"" cms-style=""font-L align-Justify"">与此同时，美国等国也在发力。其中Moderna的mRNA疫苗继3月1日成为全球首个进入人体试验的新冠疫苗，上周四刚刚获得了美国FDA的批准，进入临床II期试验。</p>
<p class=""art_p"" cms-style=""font-L align-Justify"">公司CEO斯蒂芬·班塞尔（Stephane Bancel）上周五表示，临床III期试验预计将于今年夏天早些时候开展。疫苗最早将于7月开始批量生产，预计未来年产量能够达到10亿制剂。</p>
<p class=""art_p"" cms-style=""font-L align-Justify"">美国生物医学高级研究与开发局（BARDA）上月称，将支持Moderna最多4.83亿美元的资金用于加速相关疫苗的研发进程。</p>
<p class=""art_p"" cms-style=""font-L align-Justify"">但没有任何一家企业能够仅凭一己之力拯救全世界。根据最新数据，全球人口目前已达76亿，这意味着需要更多疫苗厂商的加入来解决疫情。</p>
<p class=""art_p"" cms-style=""font-L align-Justify"">5月5日，美国制药巨头辉瑞与其德国合作伙伴BioNtech也宣布即将展开疫苗人体试验，首批临床试验数据将于5月底获得。如果临床试验顺利，年底前将在美国生产2000万疫苗制剂，明年产能可达上亿剂规模。和Moderna一样，这款疫苗同样是mRNA疫苗。</p>
<p class=""art_p"" cms-style=""font-L align-Justify"">美国强生公司则计划9月临床试验，并为疫苗扩产做准备。该疫苗将采用与生产埃博拉病毒疫苗相同的腺病毒载体技术，这种技术已被证明是安全的。此前强生已与BARDA达成协议，共同投入10亿美元。</p>
<p class=""art_p"" cms-style=""font-L align-Justify"">5月6日，法国制药公司赛诺菲表示计划招募数千名受试者，其与英国制药公司葛兰素史克（GSK）上月宣布合作开发新冠病毒的实验性疫苗，如果临床试验成功，疫苗将于明年下半年上市。</p>
<p class=""art_p"" cms-style=""font-L align-Justify"">赛诺菲与GSK利用基因重组技术平台，能在更短的时间内大规模制备疫苗。这种重组疫苗引入激发人体免疫反应的蛋白质抗原，能够增强人体的免疫反应，从而产生更多的抗体，让免疫力更加持久。</p>
<p class=""art_p"" cms-style=""font-L align-Justify"">此外，美国生物制药公司Inovio研制的新冠DNA疫苗近期宣布完成受试者招募，总共40名健康志愿者接种了第一剂疫苗，目前处于验证其安全性、剂量和其他相关数据的阶段。英国制药巨头阿斯利康和牛津大学合作研发的腺病毒载体疫苗也已进入I期临床试验，有望在5月份获得结果，疫苗的后期临床开发预计在年中开始。</p>
<p class=""art_p"" cms-style=""strong-Bold font-L align-Justify"">中和抗体保护作用受关注</p>
<p class=""art_p"" cms-style=""font-L align-Justify"">疫苗的开发之所以需要耗费漫长的时间，主要缘于研发和生产两方面的难度。“研发难主要是因为我们不知道抗体中的哪些成分是有用的，疫苗的检测效果要看中和抗体的反应；而生产难更多指的是大批量的生产有难度。”一位上海公共卫生临床中心的疫苗专家对第一财经表示。</p>
<p class=""art_p"" cms-style=""font-L align-Justify"">世卫组织上月表示，目前还不清楚人们是否会对新冠病毒产生持久的免疫力，也不清楚什么样的疫苗才能起到保护作用。不过在实验室研究中，包括强生在内的一些公司明确表示，其研发的疫苗产生了针对新冠病毒的强中和抗体。</p>
<p class=""art_p"" cms-style=""font-L align-Justify"">强生公司还称，除了优先考虑的候选疫苗外，准备了另外两个备选疫苗，以防止主要候选疫苗失败。</p>
<p class=""art_p"" cms-style=""font-L align-Justify"">“我们可能需要很多种疫苗，对其中最有可能成功的候选疫苗进行评估，对风险做出平衡。”上述上海公共卫生临床中心专家对第一财经表示。</p>
<p class=""art_p"" cms-style=""font-L align-Justify"">达沃斯论坛精准医疗项目主管Elissa Prichep称，应警惕疫苗抗体依赖增强（ADE）的风险。所谓抗体依赖增强，是指疫苗接种后，结合了抗体的病毒可能会对人体造成更大的损害。</p>
<p class=""art_p"" cms-style=""font-L align-Justify"">另一个风险来自于病毒突变后逃逸中和抗体。上周由伦敦大学学院基因研究所主任弗朗索瓦·巴卢（Francois Balloux）教授团队发表在《感染，遗传学和进化》（《Infection Genetics and Evolution》）杂志预印版网站上的一篇论文指出，在对近200个独立发生多次突变的子集进行研究后，发现大约5%的能够适应病毒新宿主的关键基因突变。这意味着新冠疫苗需要针对病毒较为稳定的部分进行免疫。</p>
<p class=""art_p"" cms-style=""font-L align-Justify"">专家还强调，比疫苗的有效性更重要的是安全性。中国科技部在近期的一场新闻发布会上指出：“疫苗是给健康人使用的特殊产品，尽管新冠疫苗的研发是应急项目，但仍要强调科学、安全、有效的前提。”</p>
<p class=""art_p"" cms-style=""font-L align-Justify"">在确保安全性和有效性的前提下，疫苗才能进行生产。“疫苗的临床试验要先保证安全，再看有效性，最终的保护效率则要看III期临床来验证。根据临床试验的结果才能够确定是否使用，最终进入审批程序。”中国灭活疫苗临床试验一位相关负责人对第一财经表示。</p>

									<figure class=""art_img_mini j_p_gallery"">
										<img class=""art_img_mini_img j_fullppt_cover""  src='https://n.sinaimg.cn/sinakd2020511s/450/w800h450/20200511/c069-itmiwrz1060918.jpg' alt="""" />
										<h2 class=""art_img_tit""></h2>
									</figure>
								
<p class=""art_p"" cms-style=""strong-Bold font-L align-Justify"">寻求成熟的生产平台</p>
<p class=""art_p"" cms-style=""font-L align-Justify"">法国巴斯德研究所疫苗创新实验室主任弗雷德里克•唐吉（Frederic Tangy）教授对第一财经透露，该所基于麻疹疫苗载体平台开发的新冠疫苗预计于9月份进入临床试验，目前完成的小鼠试验数据结果非常乐观，而一旦被验证有效，未来生产平台已经成熟完备。</p>
<p class=""art_p"" cms-style=""font-L align-Justify"">“麻疹疫苗每年已能达到几千万剂的产量，是被验证确定有效的疫苗，在人类药物史上已经使用了超过40年。”唐吉告诉第一财经。他认为，与从未有过商业化案例的核酸疫苗相比，以麻疹开发平台为载体的疫苗生产将会更加高效。</p>
<p class=""art_p"" cms-style=""font-L align-Justify"">美国罗格斯大学化学和化学生物教授理查德·埃布莱特（Richard Ebright）也认为，核酸疫苗的大规模生产存在壁垒。他对第一财经表示：“新冠疫苗可能要等到2021年以后才能研制成功，能够用在大部分人身上，但可能不会是核酸疫苗。”</p>
<p class=""art_p"" cms-style=""font-L align-Justify"">赛诺菲首席执行官韩保罗（Paul Hudson）上月则表示，人们普遍更为关注何时才能找到成功的疫苗，但其实重点应该放在疫苗的产能。韩保罗称：“为了确保疫苗数量足够，生产工作需要尽快开始。如果疫苗数据在明年6月公布，不能等到6月才开始生产，1月份就该开始生产了。”</p>
<p class=""art_p"" cms-style=""font-L align-Justify"">不过赛诺菲的疫苗研发项目同样受到了BARDA的支持，这意味着其位于美国的生产基地制备的疫苗将率先让美国人使用，这在欧洲引起担忧。</p>
<p class=""art_p"" cms-style=""font-L align-Justify"">欧盟5月5日发起一项疫苗捐款项目，募集到超过75亿欧元的资金帮助开发疫苗，目前德国、法国和英国都进行了数亿欧元规模的注资。</p>
<p class=""art_p"" cms-style=""font-L align-Justify"">美国麻省州立大学医学院终身教授、国际疫苗学会前任主席卢山上月表示：“疫苗研发的关键因素取决于科学、大规模生产技术、监管以及风险收益比。”</p>
<p class=""art_p"" cms-style=""font-L align-Justify"">卢山认为，在坚持疫情研发的同时，不应该把控制疫情的希望完全寄托在疫苗上，因为时间来不及，最重要的手段还是依靠公共卫生系统、医疗体系以及隔离措施等。</p>",https://news.sina.com.cn/c/2020-05-12/doc-iirczymk1112582.shtml
